"last_name, first_name","player_id","year","pa","bip","ba","est_ba","est_ba_minus_ba_diff","slg","est_slg","est_slg_minus_slg_diff","woba","est_woba","est_woba_minus_woba_diff"
"Duran, Jarren","680776","2024","735","515",0.285,0.267,0.01799999999999996,0.492,0.456,0.035999999999999976,0.357,0.34,0.01699999999999996
"Ohtani, Shohei","660271","2024","731","479",0.31,0.31,0,0.646,0.672,-0.026000000000000023,0.431,0.444,-0.013000000000000012
"Henderson, Gunnar","683002","2024","719","475",0.281,0.279,0.0020000000000000018,0.529,0.499,0.030000000000000027,0.381,0.375,0.006000000000000005
"Semien, Marcus","543760","2024","718","546",0.237,0.251,-0.014000000000000012,0.391,0.406,-0.015000000000000013,0.306,0.32,-0.014000000000000012
"Soto, Juan","665742","2024","713","461",0.288,0.31,-0.02200000000000002,0.569,0.655,-0.08600000000000008,0.421,0.463,-0.04200000000000004
"Witt Jr., Bobby","677951","2024","709","538",0.332,0.309,0.02300000000000002,0.588,0.583,0.0050000000000000044,0.41,0.407,0.0030000000000000027
"Judge, Aaron","592450","2024","704","390",0.322,0.304,0.018000000000000016,0.701,0.739,-0.038000000000000034,0.476,0.48,-0.0040000000000000036
"Guerrero Jr., Vladimir","665489","2024","697","524",0.323,0.316,0.007000000000000006,0.544,0.578,-0.03399999999999992,0.398,0.412,-0.013999999999999957
"De La Cruz, Elly","682829","2024","696","403",0.259,0.237,0.02200000000000002,0.471,0.437,0.033999999999999975,0.349,0.33,0.01899999999999996
"Alonso, Pete","624413","2024","695","440",0.24,0.239,0.0010000000000000009,0.459,0.47,-0.010999999999999954,0.34,0.345,-0.004999999999999949
"Tovar, Ezequiel","678662","2024","695","467",0.269,0.231,0.038000000000000006,0.469,0.41,0.059,0.324,0.291,0.03300000000000003
"Schwarber, Kyle","656941","2024","692","384",0.248,0.249,-0.0010000000000000009,0.485,0.519,-0.03400000000000003,0.366,0.38,-0.014000000000000012
"Reynolds, Bryan","668804","2024","692","469",0.275,0.268,0.007000000000000006,0.447,0.472,-0.024999999999999967,0.343,0.353,-0.009999999999999953
"Lindor, Francisco","596019","2024","689","494",0.273,0.278,-0.0050000000000000044,0.5,0.539,-0.039000000000000035,0.363,0.381,-0.018000000000000016
"Volpe, Anthony","683011","2024","689","486",0.243,0.237,0.006000000000000005,0.364,0.34,0.023999999999999966,0.287,0.282,0.0050000000000000044
"Ozuna, Marcell","542303","2024","688","440",0.302,0.283,0.019000000000000017,0.546,0.583,-0.03699999999999992,0.395,0.404,-0.009000000000000008
"Adames, Willy","642715","2024","688","440",0.251,0.24,0.01100000000000001,0.462,0.468,-0.006000000000000005,0.342,0.341,0.0010000000000000009
"Olson, Matt","621566","2024","685","435",0.247,0.242,0.0050000000000000044,0.457,0.454,0.0030000000000000027,0.339,0.342,-0.0030000000000000027
"Carroll, Corbin","682998","2024","684","471",0.231,0.239,-0.00799999999999998,0.428,0.401,0.02699999999999997,0.325,0.328,-0.0030000000000000027
"Altuve, Jose","514888","2024","682","509",0.295,0.261,0.033999999999999975,0.439,0.406,0.032999999999999974,0.344,0.319,0.024999999999999967
"Ramírez, José","608070","2024","682","544",0.279,0.256,0.02300000000000002,0.537,0.467,0.07,0.364,0.333,0.030999999999999972
"Contreras, William","661388","2024","679","459",0.281,0.261,0.020000000000000018,0.466,0.471,-0.004999999999999949,0.359,0.356,0.0030000000000000027
"Arraez, Luis","650333","2024","672","611",0.314,0.31,0.0040000000000000036,0.392,0.408,-0.01599999999999996,0.323,0.33,-0.007000000000000006
"Profar, Jurickson","595777","2024","668","473",0.28,0.279,0.0010000000000000009,0.459,0.451,0.008000000000000007,0.365,0.366,-0.0010000000000000009
"Santander, Anthony","623993","2024","665","471",0.235,0.225,0.009999999999999981,0.506,0.458,0.04799999999999999,0.345,0.327,0.01799999999999996
"Torres, Gleyber","650402","2024","665","461",0.257,0.24,0.017000000000000015,0.378,0.386,-0.008000000000000007,0.313,0.314,-0.0010000000000000009
"Ward, Taylor","621493","2024","663","430",0.246,0.246,0,0.426,0.466,-0.040000000000000036,0.325,0.345,-0.019999999999999962
"Nimmo, Brandon","607043","2024","663","416",0.224,0.241,-0.016999999999999987,0.399,0.417,-0.01799999999999996,0.321,0.338,-0.017000000000000015
"Castellanos, Nick","592206","2024","659","469",0.254,0.268,-0.014000000000000012,0.431,0.454,-0.02300000000000002,0.321,0.337,-0.016000000000000014
"Happ, Ian","664023","2024","657","403",0.243,0.24,0.0030000000000000027,0.441,0.453,-0.01200000000000001,0.341,0.347,-0.00599999999999995
"Cronenworth, Jake","630105","2024","656","463",0.241,0.257,-0.016000000000000014,0.39,0.431,-0.04099999999999998,0.315,0.339,-0.02400000000000002
"Steer, Spencer","668715","2024","656","439",0.225,0.234,-0.009000000000000008,0.402,0.392,0.010000000000000009,0.316,0.321,-0.0050000000000000044
"Goldschmidt, Paul","502671","2024","654","428",0.245,0.252,-0.007000000000000006,0.414,0.462,-0.04800000000000004,0.31,0.332,-0.02200000000000002
"Perez, Salvador","521692","2024","652","467",0.271,0.271,0,0.456,0.53,-0.07400000000000001,0.335,0.361,-0.025999999999999968
"Donovan, Brendan","680977","2024","652","511",0.278,0.275,0.0030000000000000027,0.417,0.432,-0.015000000000000013,0.332,0.341,-0.009000000000000008
"Hernández, Teoscar","606192","2024","652","402",0.272,0.245,0.027000000000000024,0.501,0.493,0.008000000000000007,0.36,0.347,0.013000000000000012
"Peña, Jeremy","665161","2024","650","500",0.266,0.262,0.0040000000000000036,0.394,0.401,-0.007000000000000006,0.305,0.314,-0.009000000000000008
"Arozarena, Randy","668227","2024","648","384",0.219,0.213,0.006000000000000005,0.388,0.381,0.007000000000000006,0.32,0.322,-0.0020000000000000018
"Chapman, Matt","656305","2024","647","419",0.247,0.244,0.0030000000000000027,0.463,0.46,0.0030000000000000027,0.34,0.342,-0.0020000000000000018
"McMahon, Ryan","641857","2024","645","386",0.242,0.238,0.0040000000000000036,0.397,0.421,-0.023999999999999966,0.315,0.327,-0.01200000000000001
"Machado, Manny","592518","2024","643","473",0.275,0.266,0.009000000000000008,0.472,0.467,0.004999999999999949,0.34,0.34,0
"Bleday, JJ","668709","2024","642","448",0.243,0.238,0.0050000000000000044,0.437,0.413,0.02400000000000002,0.33,0.322,0.008000000000000007
"Hoerner, Nico","663538","2024","641","519",0.273,0.281,-0.008000000000000007,0.373,0.359,0.014000000000000012,0.313,0.318,-0.0050000000000000044
"Paredes, Isaac","670623","2024","641","443",0.238,0.221,0.016999999999999987,0.393,0.35,0.04300000000000004,0.327,0.309,0.018000000000000016
"Suárez, Eugenio","553993","2024","640","406",0.256,0.246,0.010000000000000009,0.469,0.463,0.00599999999999995,0.337,0.335,0.0020000000000000018
"Rutschman, Adley","668939","2024","638","475",0.25,0.254,-0.0040000000000000036,0.391,0.405,-0.014000000000000012,0.309,0.32,-0.01100000000000001
"Freeman, Freddie","518692","2024","638","450",0.282,0.272,0.009999999999999953,0.476,0.475,0.0010000000000000009,0.365,0.369,-0.0040000000000000036
"Winn, Masyn","691026","2024","637","486",0.267,0.253,0.014000000000000012,0.416,0.363,0.05299999999999999,0.315,0.296,0.019000000000000017
"García, Adolis","666969","2024","637","409",0.224,0.223,0.0010000000000000009,0.4,0.422,-0.021999999999999964,0.296,0.309,-0.013000000000000012
"India, Jonathan","663697","2024","637","417",0.248,0.262,-0.014000000000000012,0.392,0.418,-0.025999999999999968,0.333,0.354,-0.020999999999999963
"Alvarez, Yordan","670541","2024","635","461",0.308,0.299,0.009000000000000008,0.567,0.607,-0.040000000000000036,0.402,0.415,-0.012999999999999956
"Castro, Willi","650489","2024","635","413",0.247,0.242,0.0050000000000000044,0.385,0.39,-0.0050000000000000044,0.317,0.323,-0.006000000000000005
"Arenado, Nolan","571448","2024","635","493",0.272,0.253,0.019000000000000017,0.394,0.361,0.03300000000000003,0.314,0.299,0.015000000000000013
"Bregman, Alex","608324","2024","634","499",0.26,0.255,0.0050000000000000044,0.453,0.434,0.019000000000000017,0.331,0.325,0.006000000000000005
"Naylor, Josh","647304","2024","633","462",0.243,0.254,-0.01100000000000001,0.456,0.451,0.0050000000000000044,0.332,0.338,-0.006000000000000005
"Giménez, Andrés","665926","2024","633","495",0.252,0.261,-0.009000000000000008,0.34,0.362,-0.021999999999999964,0.281,0.301,-0.019999999999999962
"Harper, Bryce","547180","2024","631","415",0.285,0.264,0.020999999999999963,0.525,0.486,0.039000000000000035,0.38,0.361,0.019000000000000017
"Raleigh, Cal","663728","2024","628","376",0.22,0.229,-0.009000000000000008,0.436,0.483,-0.046999999999999986,0.323,0.347,-0.023999999999999966
"Garcia, Maikel","672580","2024","626","481",0.231,0.259,-0.027999999999999997,0.332,0.373,-0.04099999999999998,0.27,0.305,-0.034999999999999976
"De La Cruz, Bryan","650559","2024","622","419",0.233,0.241,-0.00799999999999998,0.384,0.431,-0.046999999999999986,0.283,0.306,-0.02300000000000002
"Verdugo, Alex","657077","2024","621","478",0.233,0.247,-0.013999999999999985,0.356,0.383,-0.027000000000000024,0.283,0.306,-0.02300000000000002
"Chisholm Jr., Jazz","665862","2024","621","412",0.256,0.237,0.019000000000000017,0.436,0.419,0.017000000000000015,0.327,0.317,0.010000000000000009
"Díaz, Yandy","650490","2024","621","472",0.281,0.273,0.008000000000000007,0.414,0.432,-0.018000000000000016,0.331,0.339,-0.008000000000000007
"Diaz, Yainer","673237","2024","619","486",0.299,0.296,0.0030000000000000027,0.441,0.467,-0.026000000000000023,0.329,0.343,-0.014000000000000012
"Turang, Brice","668930","2024","619","462",0.254,0.261,-0.007000000000000006,0.349,0.346,0.0030000000000000027,0.294,0.302,-0.008000000000000007
"Vaughn, Andrew","683734","2024","619","443",0.246,0.24,0.006000000000000005,0.402,0.442,-0.03999999999999998,0.304,0.32,-0.016000000000000014
"Springer, George","543807","2024","614","432",0.22,0.24,-0.01999999999999999,0.371,0.412,-0.04099999999999998,0.298,0.325,-0.027000000000000024
"Rooker, Brent","667670","2024","614","373",0.293,0.263,0.02999999999999997,0.562,0.566,-0.0039999999999998925,0.392,0.381,0.01100000000000001
"Rodríguez, Julio","677594","2024","613","413",0.273,0.27,0.0030000000000000027,0.409,0.467,-0.05800000000000005,0.321,0.345,-0.023999999999999966
"Morel, Christopher","666624","2024","611","381",0.196,0.222,-0.025999999999999995,0.346,0.401,-0.05500000000000005,0.28,0.316,-0.035999999999999976
"Schanuel, Nolan","694384","2024","607","426",0.25,0.253,-0.0030000000000000027,0.362,0.361,0.0010000000000000009,0.315,0.322,-0.007000000000000006
"Bohm, Alec","664761","2024","606","474",0.28,0.283,-0.002999999999999947,0.448,0.452,-0.0040000000000000036,0.335,0.345,-0.009999999999999953
"Doyle, Brenton","686668","2024","603","401",0.26,0.249,0.01100000000000001,0.446,0.442,0.0040000000000000036,0.328,0.33,-0.0020000000000000018
"Bell, Josh","605137","2024","603","421",0.249,0.233,0.015999999999999986,0.405,0.402,0.0030000000000000027,0.317,0.312,0.0050000000000000044
"Neto, Zach","687263","2024","602","407",0.249,0.233,0.015999999999999986,0.443,0.421,0.02200000000000002,0.33,0.319,0.01100000000000001
"Arcia, Orlando","606115","2024","602","431",0.218,0.199,0.01899999999999999,0.354,0.327,0.02699999999999997,0.273,0.262,0.01100000000000001
"Abrams, CJ","682928","2024","602","418",0.246,0.243,0.0030000000000000027,0.433,0.413,0.020000000000000018,0.322,0.32,0.0020000000000000018
"Devers, Rafael","646240","2024","601","384",0.272,0.267,0.0050000000000000044,0.516,0.514,0.0020000000000000018,0.364,0.366,-0.0020000000000000018
"Cruz, Oneil","665833","2024","599","364",0.259,0.259,0,0.449,0.475,-0.025999999999999968,0.331,0.344,-0.012999999999999956
"Burleson, Alec","676475","2024","595","478",0.269,0.27,-0.0010000000000000009,0.42,0.444,-0.02400000000000002,0.319,0.333,-0.014000000000000012
"Santana, Carlos","467793","2024","594","424",0.238,0.244,-0.006000000000000005,0.42,0.424,-0.0040000000000000036,0.326,0.333,-0.007000000000000006
"Swanson, Dansby","621020","2024","593","393",0.242,0.241,0.0010000000000000009,0.39,0.423,-0.032999999999999974,0.307,0.324,-0.017000000000000015
"Merrill, Jackson","701538","2024","593","462",0.292,0.3,-0.008000000000000007,0.5,0.547,-0.04700000000000004,0.352,0.375,-0.02300000000000002
"Smith, Josh","669701","2024","592","407",0.258,0.242,0.016000000000000014,0.394,0.365,0.029000000000000026,0.323,0.309,0.014000000000000012
"Suzuki, Seiya","673548","2024","585","356",0.283,0.252,0.030999999999999972,0.482,0.464,0.01799999999999996,0.365,0.348,0.017000000000000015
"Greene, Riley","682985","2024","584","358",0.262,0.246,0.016000000000000014,0.479,0.484,-0.0050000000000000044,0.355,0.352,0.0030000000000000027
"Marte, Ketel","606466","2024","583","407",0.292,0.289,0.0030000000000000027,0.56,0.545,0.015000000000000013,0.391,0.394,-0.0030000000000000027
"Burger, Jake","669394","2024","579","389",0.25,0.253,-0.0030000000000000027,0.46,0.483,-0.022999999999999965,0.325,0.339,-0.014000000000000012
"Soler, Jorge","624585","2024","574","356",0.241,0.242,-0.0010000000000000009,0.442,0.463,-0.02100000000000002,0.34,0.352,-0.011999999999999955
"Chourio, Jackson","694192","2024","573","410",0.275,0.267,0.008000000000000007,0.464,0.431,0.03300000000000003,0.339,0.327,0.01200000000000001
"Rafaela, Ceddanne","678882","2024","571","398",0.246,0.227,0.01899999999999999,0.39,0.374,0.016000000000000014,0.286,0.276,0.009999999999999953
"Stott, Bryson","681082","2024","571","422",0.245,0.254,-0.009000000000000008,0.356,0.369,-0.013000000000000012,0.296,0.311,-0.015000000000000013
"Bellinger, Cody","641355","2024","569","432",0.266,0.238,0.028000000000000025,0.426,0.396,0.02999999999999997,0.322,0.302,0.020000000000000018
"Vierling, Matt","663837","2024","567","402",0.257,0.252,0.0050000000000000044,0.423,0.402,0.020999999999999963,0.317,0.312,0.0050000000000000044
"Busch, Michael","683737","2024","567","338",0.248,0.217,0.031,0.44,0.432,0.008000000000000007,0.336,0.324,0.01200000000000001
"Lowe, Nathaniel","663993","2024","565","365",0.265,0.25,0.015000000000000013,0.401,0.386,0.015000000000000013,0.337,0.332,0.0050000000000000044
"Cowser, Colton","681297","2024","561","330",0.242,0.23,0.011999999999999983,0.447,0.456,-0.009000000000000008,0.331,0.333,-0.0020000000000000018
"Langford, Wyatt","694671","2024","557","387",0.253,0.252,0.0010000000000000009,0.415,0.435,-0.020000000000000018,0.321,0.332,-0.01100000000000001
"Keith, Colt","690993","2024","556","408",0.26,0.265,-0.0050000000000000044,0.38,0.398,-0.018000000000000016,0.301,0.314,-0.013000000000000012
"Pasquantino, Vinnie","686469","2024","554","439",0.262,0.264,-0.0020000000000000018,0.446,0.452,-0.006000000000000005,0.325,0.336,-0.01100000000000001
"Gurriel Jr., Lourdes","666971","2024","553","417",0.279,0.265,0.014000000000000012,0.435,0.433,0.0020000000000000018,0.327,0.325,0.0020000000000000018
"Walker, Christian","572233","2024","552","354",0.251,0.243,0.008000000000000007,0.468,0.47,-0.0019999999999999463,0.343,0.354,-0.010999999999999954
"Gelof, Zack","680869","2024","547","317",0.211,0.198,0.012999999999999984,0.362,0.353,0.009000000000000008,0.276,0.273,0.0030000000000000027
"Smith, Will","669257","2024","544","379",0.248,0.238,0.010000000000000009,0.433,0.463,-0.030000000000000027,0.326,0.337,-0.01100000000000001
"Kwan, Steven","680757","2024","540","431",0.292,0.283,0.009000000000000008,0.425,0.392,0.032999999999999974,0.349,0.337,0.011999999999999955
"Rodgers, Brendan","663898","2024","539","372",0.267,0.246,0.02100000000000002,0.407,0.382,0.024999999999999967,0.314,0.299,0.015000000000000013
"Turner, Trea","607208","2024","539","408",0.295,0.263,0.03199999999999997,0.469,0.43,0.03899999999999998,0.349,0.323,0.025999999999999968
"Turner, Justin","457759","2024","539","372",0.259,0.251,0.008000000000000007,0.383,0.394,-0.01100000000000001,0.327,0.333,-0.006000000000000005
"Sánchez, Jesús","660821","2024","537","352",0.252,0.261,-0.009000000000000008,0.417,0.48,-0.063,0.317,0.348,-0.030999999999999972
"France, Ty","664034","2024","535","370",0.234,0.225,0.009000000000000008,0.365,0.394,-0.029000000000000026,0.296,0.306,-0.010000000000000009
"Langeliers, Shea","669127","2024","534","343",0.224,0.237,-0.012999999999999984,0.45,0.461,-0.01100000000000001,0.315,0.328,-0.013000000000000012
"Seager, Corey","608369","2024","533","381",0.278,0.28,-0.0020000000000000018,0.512,0.573,-0.06099999999999994,0.365,0.391,-0.026000000000000023
"Taveras, Leody","665750","2024","529","375",0.229,0.238,-0.00899999999999998,0.352,0.378,-0.026000000000000023,0.282,0.299,-0.017000000000000015
"García Jr., Luis","671277","2024","528","415",0.282,0.275,0.006999999999999951,0.444,0.461,-0.017000000000000015,0.328,0.335,-0.007000000000000006
"Thomas, Lane","657041","2024","528","340",0.237,0.24,-0.0030000000000000027,0.4,0.388,0.01200000000000001,0.309,0.311,-0.0020000000000000018
"Frelick, Sal","686217","2024","524","400",0.259,0.246,0.013000000000000012,0.335,0.309,0.026000000000000023,0.292,0.283,0.009000000000000008
"O'Hoppe, Logan","681351","2024","522","326",0.244,0.247,-0.0030000000000000027,0.409,0.462,-0.05300000000000005,0.311,0.333,-0.02200000000000002
"Benintendi, Andrew","643217","2024","522","384",0.229,0.244,-0.014999999999999986,0.396,0.407,-0.010999999999999954,0.298,0.31,-0.01200000000000001
"Young, Jacob","696285","2024","521","377",0.256,0.254,0.0020000000000000018,0.331,0.323,0.008000000000000007,0.29,0.291,-0.0010000000000000009
"Ramos, Heliot","671218","2024","518","344",0.269,0.245,0.02400000000000002,0.469,0.484,-0.015000000000000013,0.339,0.337,0.0020000000000000018
"Hoskins, Rhys","656555","2024","517","306",0.214,0.201,0.012999999999999984,0.419,0.402,0.01699999999999996,0.313,0.306,0.007000000000000006
"Betts, Mookie","605141","2024","516","397",0.289,0.282,0.007000000000000006,0.491,0.468,0.022999999999999965,0.371,0.364,0.007000000000000006
"Stephenson, Tyler","663886","2024","515","342",0.258,0.238,0.020000000000000018,0.444,0.413,0.031000000000000028,0.339,0.325,0.014000000000000012
"McCutchen, Andrew","457705","2024","515","317",0.232,0.219,0.013000000000000012,0.411,0.421,-0.010000000000000009,0.325,0.325,0
"Varsho, Daulton","662139","2024","513","324",0.214,0.185,0.028999999999999998,0.407,0.326,0.08099999999999996,0.304,0.265,0.03899999999999998
"Meyers, Jake","676694","2024","513","351",0.219,0.233,-0.014000000000000012,0.36,0.39,-0.030000000000000027,0.285,0.306,-0.02100000000000002
"Ortiz, Joey","687401","2024","511","346",0.239,0.232,0.0069999999999999785,0.398,0.347,0.051000000000000045,0.319,0.307,0.01200000000000001
"Winker, Jesse","608385","2024","508","329",0.253,0.243,0.010000000000000009,0.405,0.388,0.017000000000000015,0.338,0.33,0.008000000000000007
"Mountcastle, Ryan","663624","2024","507","365",0.271,0.271,0,0.425,0.455,-0.030000000000000027,0.316,0.336,-0.020000000000000018
"Sheets, Gavin","657757","2024","501","348",0.233,0.248,-0.014999999999999986,0.357,0.387,-0.030000000000000027,0.291,0.313,-0.02200000000000002
"Blackmon, Charlie","453568","2024","499","364",0.256,0.246,0.010000000000000009,0.412,0.374,0.03799999999999998,0.323,0.309,0.014000000000000012
"Mullins, Cedric","656775","2024","499","350",0.234,0.224,0.010000000000000009,0.405,0.357,0.04800000000000004,0.31,0.292,0.018000000000000016
"Kiner-Falefa, Isiah","643396","2024","496","392",0.269,0.251,0.018000000000000016,0.376,0.354,0.02200000000000002,0.299,0.289,0.010000000000000009
"McCarthy, Jake","664983","2024","495","372",0.285,0.265,0.019999999999999962,0.4,0.363,0.03700000000000003,0.329,0.314,0.015000000000000013
"Martinez, J.D.","502110","2024","495","295",0.235,0.252,-0.017000000000000015,0.406,0.48,-0.07399999999999995,0.318,0.353,-0.034999999999999976
"O'Hearn, Ryan","656811","2024","494","377",0.264,0.273,-0.009000000000000008,0.427,0.47,-0.04299999999999998,0.33,0.354,-0.023999999999999966
"Heim, Jonah","641680","2024","491","371",0.22,0.226,-0.006000000000000005,0.336,0.365,-0.02899999999999997,0.265,0.281,-0.016000000000000014
"Conforto, Michael","624424","2024","488","323",0.237,0.254,-0.017000000000000015,0.45,0.488,-0.03799999999999998,0.327,0.353,-0.025999999999999968
"Lux, Gavin","666158","2024","487","331",0.251,0.254,-0.0030000000000000027,0.383,0.39,-0.007000000000000006,0.31,0.319,-0.009000000000000008
"Wong, Connor","657136","2024","487","336",0.28,0.229,0.05100000000000002,0.425,0.362,0.063,0.33,0.291,0.039000000000000035
"Ruiz, Keibert","660688","2024","485","410",0.229,0.25,-0.02099999999999999,0.359,0.357,0.0020000000000000018,0.268,0.283,-0.014999999999999958
"Caballero, José","676609","2024","483","314",0.227,0.213,0.014000000000000012,0.347,0.317,0.02999999999999997,0.277,0.267,0.010000000000000009
"DeJong, Paul","657557","2024","482","294",0.227,0.216,0.01100000000000001,0.427,0.402,0.024999999999999967,0.302,0.293,0.009000000000000008
"Pham, Tommy","502054","2024","478","335",0.248,0.26,-0.01200000000000001,0.368,0.413,-0.044999999999999984,0.297,0.321,-0.02400000000000002
"Marsh, Brandon","669016","2024","476","270",0.249,0.233,0.015999999999999986,0.419,0.418,0.0010000000000000009,0.326,0.327,-0.0010000000000000009
"Rojas, Josh","668942","2024","476","317",0.225,0.221,0.0040000000000000036,0.336,0.361,-0.024999999999999967,0.286,0.297,-0.01100000000000001
"Yastrzemski, Mike","573262","2024","474","306",0.231,0.217,0.014000000000000012,0.437,0.406,0.030999999999999972,0.319,0.304,0.015000000000000013
"O'Neill, Tyler","641933","2024","473","254",0.241,0.211,0.03,0.511,0.489,0.02200000000000002,0.36,0.34,0.019999999999999962
"McNeil, Jeff","643446","2024","472","360",0.238,0.233,0.004999999999999977,0.384,0.347,0.03700000000000003,0.304,0.293,0.01100000000000001
"Harris II, Michael","671739","2024","470","349",0.264,0.28,-0.016000000000000014,0.418,0.468,-0.050000000000000044,0.312,0.346,-0.033999999999999975
"Kim, Ha-Seong","673490","2024","470","333",0.233,0.245,-0.011999999999999983,0.37,0.359,0.01100000000000001,0.308,0.319,-0.01100000000000001
"Polanco, Jorge","593871","2024","469","282",0.213,0.224,-0.01100000000000001,0.355,0.406,-0.051000000000000045,0.287,0.31,-0.02300000000000002
"Riley, Austin","663586","2024","469","309",0.256,0.265,-0.009000000000000008,0.461,0.523,-0.062,0.338,0.367,-0.02899999999999997
"Jeffers, Ryan","680777","2024","465","325",0.226,0.224,0.0020000000000000018,0.432,0.394,0.03799999999999998,0.317,0.307,0.010000000000000009
"Bogaerts, Xander","593428","2024","463","355",0.264,0.26,0.0040000000000000036,0.381,0.386,-0.0050000000000000044,0.3,0.308,-0.008000000000000007
"Candelario, Jeimer","600869","2024","463","316",0.225,0.22,0.0050000000000000044,0.429,0.375,0.05399999999999999,0.304,0.285,0.019000000000000017
"Canha, Mark","592192","2024","462","302",0.242,0.211,0.031,0.346,0.314,0.03199999999999997,0.31,0.293,0.017000000000000015
"Urshela, Gio","570482","2024","461","365",0.25,0.262,-0.01200000000000001,0.361,0.4,-0.039000000000000035,0.281,0.307,-0.025999999999999968
"Stanton, Giancarlo","519317","2024","459","276",0.233,0.243,-0.009999999999999981,0.475,0.52,-0.04500000000000004,0.33,0.354,-0.023999999999999966
"Schuemann, Max","680474","2024","459","286",0.22,0.221,-0.0010000000000000009,0.308,0.35,-0.04199999999999998,0.281,0.3,-0.01899999999999996
"Toglia, Michael","669911","2024","458","255",0.218,0.241,-0.022999999999999993,0.456,0.514,-0.057999999999999996,0.329,0.36,-0.030999999999999972
"Raley, Luke","670042","2024","455","273",0.243,0.22,0.022999999999999993,0.463,0.433,0.030000000000000027,0.339,0.321,0.018000000000000016
"Vientos, Mark","668901","2024","454","283",0.266,0.241,0.025000000000000022,0.516,0.47,0.04600000000000004,0.356,0.333,0.022999999999999965
"Schneider, Davis","676914","2024","454","258",0.191,0.195,-0.0040000000000000036,0.343,0.367,-0.023999999999999966,0.277,0.293,-0.01599999999999996
"Clement, Ernie","676391","2024","452","397",0.263,0.251,0.01200000000000001,0.408,0.379,0.02899999999999997,0.297,0.285,0.01200000000000001
"Melendez, MJ","669004","2024","451","299",0.206,0.237,-0.031,0.4,0.434,-0.033999999999999975,0.292,0.321,-0.029000000000000026
"Butler, Lawrence","671732","2024","451","308",0.262,0.253,0.009000000000000008,0.49,0.473,0.017000000000000015,0.345,0.341,0.003999999999999948
"Crawford, J.P.","641487","2024","451","291",0.202,0.226,-0.023999999999999994,0.321,0.37,-0.04899999999999999,0.283,0.312,-0.029000000000000026
"Adell, Jo","666176","2024","451","282",0.207,0.222,-0.015000000000000013,0.402,0.426,-0.023999999999999966,0.296,0.314,-0.018000000000000016
"Pederson, Joc","592626","2024","449","266",0.275,0.259,0.016000000000000014,0.515,0.486,0.029000000000000026,0.391,0.378,0.013000000000000012
"Kelenic, Jarred","672284","2024","449","283",0.231,0.238,-0.0069999999999999785,0.393,0.424,-0.030999999999999972,0.294,0.311,-0.017000000000000015
"Siri, Jose","642350","2024","448","238",0.187,0.197,-0.010000000000000009,0.366,0.419,-0.05299999999999999,0.271,0.299,-0.02799999999999997
"Bailey, Patrick","672275","2024","448","309",0.234,0.255,-0.02099999999999999,0.339,0.404,-0.065,0.281,0.322,-0.04099999999999998
"Abreu, Wilyer","677800","2024","447","279",0.253,0.229,0.023999999999999994,0.459,0.433,0.026000000000000023,0.336,0.324,0.01200000000000001
"Westburg, Jordan","676059","2024","447","321",0.264,0.275,-0.01100000000000001,0.481,0.499,-0.018000000000000016,0.34,0.355,-0.014999999999999958
"Triolo, Jared","669707","2024","446","281",0.216,0.226,-0.010000000000000009,0.315,0.347,-0.03199999999999997,0.275,0.296,-0.020999999999999963
"Lopez, Nicky","670032","2024","445","337",0.241,0.227,0.013999999999999985,0.294,0.291,0.0030000000000000027,0.275,0.273,0.0020000000000000018
"Pages, Andy","681624","2024","443","299",0.248,0.247,0.0010000000000000009,0.407,0.433,-0.026000000000000023,0.31,0.324,-0.014000000000000012
"Rocchio, Brayan","677587","2024","442","300",0.206,0.21,-0.0040000000000000036,0.316,0.308,0.008000000000000007,0.276,0.279,-0.0030000000000000027
"Moore, Dylan","664238","2024","441","251",0.201,0.196,0.0050000000000000044,0.367,0.333,0.033999999999999975,0.306,0.298,0.008000000000000007
"Tatis Jr., Fernando","665487","2024","438","303",0.276,0.294,-0.01799999999999996,0.492,0.548,-0.05600000000000005,0.359,0.39,-0.031000000000000028
"Bader, Harrison","664056","2024","437","313",0.236,0.241,-0.0050000000000000044,0.373,0.387,-0.014000000000000012,0.285,0.299,-0.014000000000000012
"Albies, Ozzie","645277","2024","435","338",0.251,0.246,0.0050000000000000044,0.404,0.404,0,0.307,0.308,-0.0010000000000000009
"Perkins, Blake","663368","2024","434","281",0.24,0.218,0.021999999999999992,0.332,0.319,0.013000000000000012,0.288,0.28,0.007999999999999952
"Lopez, Otto","672640","2024","434","332",0.27,0.272,-0.0020000000000000018,0.377,0.402,-0.025000000000000022,0.302,0.317,-0.015000000000000013
"Garver, Mitch","641598","2024","430","237",0.172,0.176,-0.0040000000000000036,0.341,0.335,0.006000000000000005,0.281,0.284,-0.002999999999999947
"Miranda, Jose F","669304","2024","429","339",0.284,0.255,0.02899999999999997,0.441,0.412,0.029000000000000026,0.328,0.311,0.017000000000000015
"Dubón, Mauricio","643289","2024","428","355",0.269,0.247,0.02200000000000002,0.361,0.337,0.023999999999999966,0.286,0.276,0.009999999999999953
"Isbel, Kyle","664728","2024","426","306",0.229,0.231,-0.0020000000000000018,0.367,0.333,0.033999999999999975,0.286,0.283,0.0030000000000000027
"Robert Jr., Luis","673357","2024","425","253",0.224,0.211,0.013000000000000012,0.379,0.378,0.0010000000000000009,0.285,0.283,0.0020000000000000018
"Lowe, Brandon","664040","2024","425","275",0.244,0.248,-0.0040000000000000036,0.473,0.488,-0.015000000000000013,0.335,0.344,-0.008999999999999952
"Pérez, Wenceel","672761","2024","425","300",0.242,0.24,0.0020000000000000018,0.383,0.364,0.019000000000000017,0.299,0.295,0.0040000000000000036
"Renfroe, Hunter","592669","2024","424","302",0.229,0.219,0.010000000000000009,0.392,0.369,0.02300000000000002,0.302,0.294,0.008000000000000007
"Haniger, Mitch","571745","2024","423","255",0.208,0.214,-0.006000000000000005,0.334,0.38,-0.045999999999999985,0.277,0.298,-0.020999999999999963
"Yoshida, Masataka","807799","2024","421","328",0.28,0.256,0.02400000000000002,0.415,0.408,0.007000000000000006,0.336,0.327,0.009000000000000008
"Tellez, Rowdy","642133","2024","421","299",0.243,0.234,0.00899999999999998,0.392,0.403,-0.01100000000000001,0.301,0.305,-0.0040000000000000036
"Moniak, Mickey","666160","2024","418","279",0.219,0.219,0,0.38,0.387,-0.007000000000000006,0.281,0.286,-0.004999999999999949
"Joe, Connor","656582","2024","416","275",0.228,0.202,0.025999999999999995,0.368,0.311,0.056999999999999995,0.305,0.279,0.025999999999999968
"Wells, Austin","669224","2024","414","275",0.229,0.242,-0.012999999999999984,0.395,0.439,-0.043999999999999984,0.315,0.343,-0.028000000000000025
"Realmuto, J.T.","592663","2024","413","279",0.266,0.264,0.0020000000000000018,0.429,0.466,-0.03700000000000003,0.326,0.34,-0.014000000000000012
"Crow-Armstrong, Pete","691718","2024","410","285",0.237,0.221,0.015999999999999986,0.384,0.377,0.007000000000000006,0.289,0.286,0.0030000000000000027
"Singleton, Jon","572138","2024","405","247",0.234,0.226,0.008000000000000007,0.386,0.39,-0.0040000000000000036,0.312,0.314,-0.0020000000000000018
"Nootbaar, Lars","663457","2024","405","273",0.244,0.261,-0.017000000000000015,0.417,0.466,-0.049000000000000044,0.331,0.358,-0.02699999999999997
"Gorman, Nolan","669357","2024","402","216",0.203,0.206,-0.002999999999999975,0.4,0.44,-0.03999999999999998,0.29,0.308,-0.018000000000000016
"Wade Jr., LaMonte","664774","2024","401","245",0.26,0.253,0.007000000000000006,0.381,0.437,-0.055999999999999994,0.337,0.356,-0.01899999999999996
"Brown, Seth","664913","2024","400","261",0.231,0.23,0.0010000000000000009,0.379,0.398,-0.019000000000000017,0.289,0.298,-0.009000000000000008
"Larnach, Trevor","663616","2024","400","268",0.259,0.254,0.0050000000000000044,0.434,0.466,-0.03200000000000003,0.336,0.346,-0.009999999999999953
"Kepler, Max","596146","2024","399","291",0.253,0.243,0.010000000000000009,0.38,0.384,-0.0040000000000000036,0.298,0.302,-0.0040000000000000036
"Hayes, Ke'Bryan","663647","2024","396","294",0.233,0.244,-0.010999999999999982,0.29,0.336,-0.04600000000000004,0.256,0.285,-0.02899999999999997
"Lee, Korey","686676","2024","394","255",0.21,0.209,0.0010000000000000009,0.347,0.342,0.004999999999999949,0.257,0.258,-0.0010000000000000009
"Hernández, Enrique","571771","2024","393","289",0.229,0.23,-0.0010000000000000009,0.373,0.375,-0.0020000000000000018,0.285,0.289,-0.0040000000000000036
"Fry, David","681807","2024","392","255",0.263,0.245,0.018000000000000016,0.448,0.406,0.04199999999999998,0.347,0.33,0.01699999999999996
"Espinal, Santiago","669289","2024","391","311",0.246,0.258,-0.01200000000000001,0.356,0.355,0.0010000000000000009,0.285,0.295,-0.010000000000000009
"Naylor, Bo","666310","2024","389","236",0.201,0.194,0.007000000000000006,0.35,0.335,0.014999999999999958,0.269,0.263,0.006000000000000005
"Benson, Will","666181","2024","388","192",0.187,0.179,0.008000000000000007,0.376,0.343,0.032999999999999974,0.285,0.272,0.012999999999999956
"Buxton, Byron","621439","2024","388","258",0.279,0.26,0.019000000000000017,0.524,0.511,0.013000000000000012,0.366,0.355,0.01100000000000001
"Perdomo, Geraldo","672695","2024","388","291",0.273,0.231,0.04200000000000001,0.374,0.326,0.04799999999999999,0.317,0.287,0.030000000000000027
"Lowe, Josh","666139","2024","387","232",0.241,0.225,0.015999999999999986,0.391,0.396,-0.0050000000000000044,0.299,0.297,0.0020000000000000018
"Gonzales, Nick","693304","2024","387","290",0.27,0.269,0.0010000000000000009,0.398,0.415,-0.01699999999999996,0.307,0.322,-0.015000000000000013
"Kirk, Alejandro","672386","2024","386","298",0.253,0.253,0,0.359,0.403,-0.04400000000000004,0.297,0.329,-0.03200000000000003
"Freeman, Tyler","671289","2024","383","283",0.209,0.236,-0.026999999999999996,0.321,0.345,-0.023999999999999966,0.283,0.307,-0.02400000000000002
"Fraley, Jake","641584","2024","382","283",0.277,0.245,0.03200000000000003,0.386,0.33,0.055999999999999994,0.314,0.29,0.02400000000000002
"Estrada, Thairo","642731","2024","381","290",0.217,0.224,-0.007000000000000006,0.343,0.342,0.0010000000000000009,0.256,0.265,-0.009000000000000008
"Horwitz, Spencer","687462","2024","381","262",0.265,0.25,0.015000000000000013,0.433,0.427,0.006000000000000005,0.344,0.34,0.003999999999999948
"Torkelson, Spencer","679529","2024","381","238",0.219,0.209,0.010000000000000009,0.374,0.358,0.016000000000000014,0.295,0.286,0.009000000000000008
"Rizzo, Anthony","519203","2024","375","274",0.228,0.239,-0.010999999999999982,0.335,0.351,-0.01599999999999996,0.285,0.302,-0.017000000000000015
"Marte, Starling","516782","2024","370","259",0.269,0.285,-0.01599999999999996,0.388,0.438,-0.04999999999999999,0.313,0.342,-0.029000000000000026
"Sosa, Lenyn","672820","2024","369","277",0.254,0.276,-0.02200000000000002,0.359,0.432,-0.07300000000000001,0.28,0.321,-0.04099999999999998
"Fermin, Freddy","666023","2024","368","277",0.271,0.241,0.030000000000000027,0.366,0.336,0.02999999999999997,0.3,0.281,0.01899999999999996
"Correa, Carlos","621043","2024","367","262",0.31,0.271,0.03899999999999998,0.517,0.458,0.059,0.385,0.358,0.027000000000000024
"Toro, Abraham","647351","2024","364","277",0.24,0.244,-0.0040000000000000036,0.35,0.374,-0.02400000000000002,0.283,0.297,-0.014000000000000012
"Rojas, Johan","679032","2024","363","277",0.243,0.225,0.017999999999999988,0.322,0.304,0.018000000000000016,0.265,0.258,0.007000000000000006
"Amaya, Miguel","665804","2024","363","274",0.232,0.249,-0.016999999999999987,0.357,0.377,-0.020000000000000018,0.283,0.302,-0.019000000000000017
"DeLuca, Jonny","676356","2024","362","257",0.217,0.229,-0.01200000000000001,0.331,0.327,0.0040000000000000036,0.269,0.277,-0.008000000000000007
"Drury, Brandon","592273","2024","360","247",0.169,0.201,-0.032,0.228,0.295,-0.06699999999999998,0.217,0.264,-0.047000000000000014
"Contreras, Willson","575929","2024","358","205",0.262,0.256,0.006000000000000005,0.468,0.461,0.007000000000000006,0.37,0.367,0.0030000000000000027
"Massey, Michael","686681","2024","356","282",0.259,0.256,0.0030000000000000027,0.449,0.429,0.020000000000000018,0.317,0.315,0.0020000000000000018
"Brennan, Will","686823","2024","353","283",0.264,0.267,-0.0030000000000000027,0.388,0.381,0.007000000000000006,0.303,0.306,-0.0030000000000000027
"Moreno, Gabriel","672515","2024","351","256",0.266,0.251,0.015000000000000013,0.38,0.393,-0.013000000000000012,0.325,0.329,-0.0040000000000000036
"Díaz, Elias","553869","2024","351","258",0.265,0.237,0.028000000000000025,0.382,0.342,0.03999999999999998,0.303,0.281,0.021999999999999964
"Tauchman, Mike","643565","2024","350","229",0.248,0.237,0.01100000000000001,0.366,0.392,-0.026000000000000023,0.325,0.332,-0.007000000000000006
"Jiménez, Eloy","650391","2024","349","255",0.238,0.243,-0.0050000000000000044,0.336,0.386,-0.04999999999999999,0.276,0.302,-0.025999999999999968
"Rosario, Amed","642708","2024","346","260",0.28,0.249,0.031000000000000028,0.38,0.367,0.013000000000000012,0.299,0.284,0.015000000000000013
"Cave, Jake","595909","2024","346","229",0.251,0.234,0.016999999999999987,0.396,0.362,0.03400000000000003,0.295,0.281,0.013999999999999957
"Bauers, Jake","641343","2024","346","184",0.199,0.199,0,0.361,0.389,-0.028000000000000025,0.294,0.304,-0.010000000000000009
"Taylor, Tyrone","621438","2024","345","241",0.248,0.246,0.0020000000000000018,0.401,0.4,0.0010000000000000009,0.304,0.305,-0.0010000000000000009
"Margot, Manuel","622534","2024","343","265",0.238,0.258,-0.020000000000000018,0.337,0.385,-0.04799999999999999,0.276,0.31,-0.033999999999999975
"Alvarez, Francisco","682626","2024","342","224",0.237,0.218,0.01899999999999999,0.403,0.372,0.031000000000000028,0.31,0.297,0.013000000000000012
"Friedl, TJ","670770","2024","341","251",0.226,0.223,0.0030000000000000027,0.38,0.322,0.057999999999999996,0.305,0.293,0.01200000000000001
"d'Arnaud, Travis","518595","2024","341","222",0.238,0.23,0.00799999999999998,0.436,0.443,-0.007000000000000006,0.319,0.323,-0.0040000000000000036
"Fitzgerald, Tyler","666149","2024","341","207",0.28,0.226,0.05400000000000002,0.497,0.383,0.11399999999999999,0.357,0.293,0.064
"Tucker, Kyle","663656","2024","339","225",0.289,0.275,0.013999999999999957,0.585,0.546,0.038999999999999924,0.419,0.402,0.01699999999999996
"Rogers, Jake","668670","2024","337","213",0.197,0.215,-0.017999999999999988,0.352,0.42,-0.068,0.264,0.299,-0.034999999999999976
"Rojas, Miguel","500743","2024","337","277",0.283,0.276,0.006999999999999951,0.41,0.36,0.04999999999999999,0.327,0.312,0.015000000000000013
"Bichette, Bo","666182","2024","336","249",0.225,0.248,-0.022999999999999993,0.322,0.377,-0.05499999999999999,0.264,0.303,-0.03899999999999998
"Wood, James","695578","2024","336","198",0.264,0.265,-0.0010000000000000009,0.427,0.449,-0.02200000000000002,0.342,0.354,-0.011999999999999955
"Merrifield, Whit","593160","2024","335","245",0.222,0.242,-0.01999999999999999,0.314,0.323,-0.009000000000000008,0.283,0.3,-0.017000000000000015
"Fortes, Nick","663743","2024","335","279",0.227,0.224,0.0030000000000000027,0.318,0.291,0.027000000000000024,0.252,0.246,0.006000000000000005
"Siani, Michael","672279","2024","334","218",0.228,0.204,0.02400000000000002,0.285,0.27,0.014999999999999958,0.257,0.246,0.01100000000000001
"Duvall, Adam","594807","2024","330","205",0.182,0.195,-0.013000000000000012,0.323,0.392,-0.069,0.252,0.284,-0.03199999999999997
"Rortvedt, Ben","666163","2024","328","202",0.228,0.202,0.025999999999999995,0.303,0.291,0.01200000000000001,0.283,0.269,0.013999999999999957
"Cabrera, Oswaldo","665828","2024","326","241",0.247,0.248,-0.0010000000000000009,0.365,0.347,0.018000000000000016,0.29,0.291,-0.0010000000000000009
"Lewis, Royce","668904","2024","325","223",0.233,0.238,-0.004999999999999977,0.452,0.435,0.017000000000000015,0.317,0.317,0
"McKinstry, Zach","656716","2024","325","230",0.215,0.24,-0.024999999999999994,0.337,0.383,-0.045999999999999985,0.27,0.301,-0.030999999999999972
"Jansen, Danny","643376","2024","324","220",0.205,0.198,0.0069999999999999785,0.349,0.345,0.0040000000000000036,0.294,0.293,0.0010000000000000009
"Rosario, Eddie","592696","2024","319","226",0.175,0.211,-0.036000000000000004,0.316,0.353,-0.03699999999999998,0.23,0.264,-0.034
"Andujar, Miguel","609280","2024","319","261",0.285,0.257,0.02799999999999997,0.377,0.344,0.03300000000000003,0.306,0.287,0.019000000000000017
"Hamilton, David","666152","2024","317","214",0.248,0.229,0.01899999999999999,0.395,0.357,0.038000000000000034,0.305,0.285,0.020000000000000018
"Palacios, Richie","680700","2024","316","198",0.223,0.247,-0.023999999999999994,0.318,0.342,-0.02400000000000002,0.303,0.325,-0.02200000000000002
"Vázquez, Christian","543877","2024","315","238",0.221,0.231,-0.010000000000000009,0.327,0.361,-0.033999999999999975,0.25,0.272,-0.02200000000000002
"Yelich, Christian","592885","2024","315","214",0.315,0.287,0.028000000000000025,0.504,0.473,0.031000000000000028,0.391,0.373,0.018000000000000016
"Pillar, Kevin","607680","2024","314","219",0.229,0.219,0.010000000000000009,0.377,0.335,0.04199999999999998,0.293,0.279,0.013999999999999957
"Meneses, Joey","608841","2024","313","224",0.231,0.221,0.010000000000000009,0.302,0.341,-0.039000000000000035,0.264,0.283,-0.01899999999999996
"Kelly, Carson","608348","2024","313","227",0.238,0.233,0.004999999999999977,0.374,0.41,-0.035999999999999976,0.304,0.318,-0.014000000000000012
"Newman, Kevin","621028","2024","311","248",0.278,0.257,0.02100000000000002,0.375,0.326,0.04899999999999999,0.298,0.275,0.022999999999999965
"Solano, Donovan","456781","2024","309","219",0.286,0.256,0.02999999999999997,0.417,0.391,0.025999999999999968,0.333,0.313,0.020000000000000018
"Laureano, Ramón","657656","2024","309","191",0.259,0.229,0.03,0.437,0.438,-0.0010000000000000009,0.324,0.313,0.01100000000000001
"Smith, Dominic","642086","2024","307","199",0.233,0.216,0.017000000000000015,0.378,0.397,-0.019000000000000017,0.306,0.308,-0.0020000000000000018
"Refsnyder, Rob","608701","2024","307","195",0.283,0.248,0.034999999999999976,0.471,0.417,0.05399999999999999,0.358,0.327,0.030999999999999972
"Rengifo, Luis","650859","2024","304","240",0.3,0.263,0.03699999999999998,0.417,0.359,0.057999999999999996,0.335,0.3,0.03500000000000003
"Vargas, Ildemaro","545121","2024","303","251",0.246,0.255,-0.009000000000000008,0.316,0.326,-0.010000000000000009,0.271,0.286,-0.014999999999999958
"Edwards, Xavier","669364","2024","303","218",0.328,0.252,0.07600000000000001,0.423,0.328,0.09499999999999997,0.359,0.3,0.059
"Rivera, Emmanuel","656896","2024","302","202",0.238,0.248,-0.010000000000000009,0.343,0.393,-0.04999999999999999,0.291,0.322,-0.031000000000000028
"Urías, Ramón","602104","2024","301","218",0.254,0.245,0.009000000000000008,0.423,0.437,-0.014000000000000012,0.325,0.331,-0.006000000000000005
"Julien, Edouard","666397","2024","301","164",0.199,0.193,0.006000000000000005,0.323,0.355,-0.03199999999999997,0.278,0.288,-0.009999999999999953
"Taylor, Michael A.","572191","2024","300","172",0.193,0.2,-0.007000000000000006,0.29,0.337,-0.04700000000000004,0.242,0.27,-0.028000000000000025
"Campusano, Luis","669134","2024","299","237",0.227,0.243,-0.015999999999999986,0.361,0.372,-0.01100000000000001,0.282,0.298,-0.016000000000000014
"Meadows, Parker","678009","2024","298","196",0.244,0.229,0.014999999999999986,0.433,0.388,0.044999999999999984,0.321,0.301,0.020000000000000018
"Jones, Nolan","666134","2024","297","169",0.227,0.209,0.018000000000000016,0.32,0.331,-0.01100000000000001,0.287,0.291,-0.0040000000000000036
"Carpenter, Kerry","681481","2024","296","192",0.284,0.26,0.023999999999999966,0.587,0.561,0.025999999999999912,0.39,0.379,0.01100000000000001
"Robles, Victor","645302","2024","295","210",0.307,0.256,0.05099999999999999,0.433,0.404,0.02899999999999997,0.357,0.331,0.025999999999999968
"Frazier, Adam","624428","2024","294","206",0.202,0.237,-0.034999999999999976,0.294,0.323,-0.029000000000000026,0.261,0.29,-0.02899999999999997
"Muncy, Max","571970","2024","293","166",0.232,0.228,0.0040000000000000036,0.494,0.461,0.032999999999999974,0.362,0.353,0.009000000000000008
"Iglesias, Jose","578428","2024","291","232",0.337,0.284,0.05300000000000005,0.448,0.37,0.07800000000000001,0.362,0.316,0.045999999999999985
"Báez, Javier","595879","2024","289","206",0.184,0.218,-0.034,0.294,0.353,-0.059,0.224,0.268,-0.04400000000000001
"Duran, Ezequiel","677649","2024","285","206",0.246,0.215,0.031,0.321,0.319,0.0020000000000000018,0.27,0.258,0.01200000000000001
"Bart, Joey","663698","2024","282","181",0.265,0.246,0.019000000000000017,0.462,0.448,0.014000000000000012,0.347,0.336,0.010999999999999954
"Kiermaier, Kevin","595281","2024","281","181",0.197,0.195,0.0020000000000000018,0.313,0.284,0.029000000000000026,0.241,0.237,0.0040000000000000036
"Stallings, Jacob","607732","2024","281","180",0.263,0.231,0.032,0.453,0.389,0.064,0.353,0.321,0.03199999999999997
"Sánchez, Gary","596142","2024","280","172",0.22,0.218,0.0020000000000000018,0.392,0.415,-0.022999999999999965,0.307,0.315,-0.008000000000000007
"Grichuk, Randal","545341","2024","279","210",0.291,0.275,0.01599999999999996,0.528,0.5,0.028000000000000025,0.373,0.366,0.007000000000000006
"Nevin, Tyler","663527","2024","278","184",0.204,0.215,-0.01100000000000001,0.331,0.384,-0.05299999999999999,0.276,0.304,-0.02799999999999997
"Bruján, Vidal","660644","2024","278","195",0.222,0.218,0.0040000000000000036,0.319,0.292,0.027000000000000024,0.276,0.268,0.008000000000000007
"Suwinski, Jack","669261","2024","277","170",0.182,0.218,-0.036000000000000004,0.324,0.37,-0.045999999999999985,0.26,0.298,-0.03799999999999998
"Gordon, Nick","624503","2024","275","196",0.227,0.217,0.010000000000000009,0.369,0.355,0.014000000000000012,0.271,0.267,0.0040000000000000036
"Caratini, Victor","605170","2024","274","195",0.269,0.261,0.008000000000000007,0.408,0.404,0.003999999999999948,0.324,0.326,-0.0020000000000000018
"Sosa, Edmundo","624641","2024","274","186",0.257,0.239,0.018000000000000016,0.422,0.395,0.02699999999999997,0.318,0.307,0.01100000000000001
"Bride, Jonah","681146","2024","272","184",0.276,0.224,0.05200000000000002,0.461,0.339,0.122,0.351,0.304,0.046999999999999986
"Wisely, Brett","689172","2024","272","192",0.238,0.215,0.022999999999999993,0.345,0.325,0.019999999999999962,0.272,0.263,0.009000000000000008
"McCormick, Chas","676801","2024","267","174",0.211,0.221,-0.010000000000000009,0.306,0.361,-0.05499999999999999,0.257,0.286,-0.02899999999999997
"Senzel, Nick","669222","2024","267","176",0.195,0.228,-0.033,0.331,0.361,-0.02999999999999997,0.273,0.301,-0.02799999999999997
"Carlson, Dylan","666185","2024","265","163",0.209,0.198,0.010999999999999982,0.277,0.286,-0.008999999999999952,0.257,0.258,-0.0010000000000000009
"Murphy, Sean","669221","2024","264","167",0.193,0.211,-0.017999999999999988,0.352,0.401,-0.049000000000000044,0.281,0.309,-0.02799999999999997
"Higashioka, Kyle","543309","2024","263","174",0.22,0.216,0.0040000000000000036,0.476,0.434,0.04199999999999998,0.314,0.299,0.015000000000000013
"Loperfido, Joey","694388","2024","262","150",0.214,0.204,0.010000000000000009,0.35,0.315,0.034999999999999976,0.268,0.256,0.01200000000000001
"Wallner, Matt","670242","2024","261","126",0.259,0.23,0.028999999999999998,0.523,0.479,0.04400000000000004,0.385,0.359,0.026000000000000023
"Gallo, Joey","608336","2024","260","122",0.161,0.171,-0.010000000000000009,0.336,0.359,-0.022999999999999965,0.276,0.288,-0.011999999999999955
"Peralta, David","444482","2024","260","182",0.267,0.258,0.009000000000000008,0.415,0.385,0.02999999999999997,0.329,0.318,0.01100000000000001
"Herrera, Iván","671056","2024","259","178",0.301,0.288,0.013000000000000012,0.428,0.46,-0.03200000000000003,0.351,0.367,-0.016000000000000014
"Heyward, Jason","518792","2024","258","178",0.211,0.232,-0.02100000000000002,0.412,0.354,0.057999999999999996,0.3,0.293,0.007000000000000006
"Martin, Austin","668885","2024","257","188",0.253,0.26,-0.007000000000000006,0.352,0.35,0.0020000000000000018,0.297,0.303,-0.006000000000000005
"Hays, Austin","669720","2024","255","179",0.255,0.232,0.022999999999999993,0.396,0.38,0.016000000000000014,0.303,0.294,0.009000000000000008
"Calhoun, Willie","641432","2024","254","199",0.245,0.257,-0.01200000000000001,0.38,0.364,0.016000000000000014,0.305,0.311,-0.006000000000000005
"Walls, Taylor","670764","2024","252","154",0.183,0.183,0,0.248,0.263,-0.015000000000000013,0.245,0.255,-0.010000000000000009
"Yepez, Juan","660766","2024","249","188",0.283,0.251,0.03199999999999997,0.429,0.366,0.063,0.331,0.303,0.028000000000000025
"Montero, Elehuris","660707","2024","247","171",0.205,0.208,-0.0030000000000000027,0.304,0.349,-0.044999999999999984,0.254,0.279,-0.025000000000000022
"Ramírez, Harold","623912","2024","246","189",0.261,0.235,0.026000000000000023,0.324,0.318,0.006000000000000005,0.265,0.256,0.009000000000000008
"Taylor, Chris","621035","2024","246","140",0.202,0.216,-0.013999999999999985,0.3,0.345,-0.044999999999999984,0.272,0.297,-0.024999999999999967
"Grossman, Robbie","543257","2024","245","152",0.212,0.217,-0.0050000000000000044,0.293,0.315,-0.02200000000000002,0.283,0.301,-0.018000000000000016
"Ibáñez, Andy","628451","2024","244","163",0.241,0.214,0.026999999999999996,0.357,0.331,0.025999999999999968,0.287,0.27,0.01699999999999996
"Casas, Triston","671213","2024","243","135",0.241,0.215,0.025999999999999995,0.462,0.447,0.015000000000000013,0.342,0.327,0.015000000000000013
"Grandal, Yasmani","518735","2024","243","173",0.228,0.241,-0.012999999999999984,0.4,0.43,-0.02999999999999997,0.308,0.327,-0.019000000000000017
"Farmer, Kyle","571657","2024","242","168",0.214,0.223,-0.009000000000000008,0.353,0.371,-0.018000000000000016,0.285,0.297,-0.01200000000000001
"Marte, Noelvi","682622","2024","242","155",0.21,0.225,-0.015000000000000013,0.301,0.353,-0.05199999999999999,0.243,0.272,-0.029000000000000026
"Flores, Wilmer","527038","2024","242","186",0.206,0.22,-0.014000000000000012,0.318,0.356,-0.03799999999999998,0.262,0.292,-0.02999999999999997
"Fletcher, Dominic","666150","2024","241","168",0.206,0.22,-0.014000000000000012,0.256,0.291,-0.034999999999999976,0.227,0.25,-0.022999999999999993
"Anderson, Tim","641313","2024","241","166",0.214,0.215,-0.0010000000000000009,0.226,0.292,-0.06599999999999998,0.208,0.235,-0.026999999999999996
"Rendon, Anthony","543685","2024","238","175",0.218,0.226,-0.008000000000000007,0.267,0.337,-0.07,0.264,0.299,-0.034999999999999976
"Vargas, Miguel","678246","2024","237","152",0.15,0.175,-0.024999999999999994,0.257,0.301,-0.043999999999999984,0.233,0.265,-0.032
"Trevino, Jose","624431","2024","234","171",0.215,0.2,0.014999999999999986,0.354,0.316,0.03799999999999998,0.284,0.269,0.014999999999999958
"Fairchild, Stuart","656413","2024","233","152",0.215,0.215,0,0.368,0.392,-0.02400000000000002,0.288,0.298,-0.010000000000000009
"McCann, James","543510","2024","233","162",0.234,0.241,-0.0069999999999999785,0.388,0.424,-0.035999999999999976,0.288,0.315,-0.027000000000000024
"Hampson, Garrett","641658","2024","231","158",0.23,0.206,0.02400000000000002,0.3,0.297,0.0030000000000000027,0.255,0.252,0.0030000000000000027
"Malloy, Justyn-Henry","669234","2024","230","119",0.203,0.179,0.02400000000000002,0.366,0.341,0.024999999999999967,0.291,0.272,0.01899999999999996
"Velázquez, Nelson","676369","2024","230","147",0.2,0.213,-0.012999999999999984,0.366,0.403,-0.03700000000000003,0.28,0.307,-0.02699999999999997
"LeMahieu, DJ","518934","2024","228","173",0.204,0.241,-0.037000000000000005,0.259,0.377,-0.118,0.239,0.305,-0.066
"Ahmed, Nick","605113","2024","228","165",0.229,0.226,0.0030000000000000027,0.295,0.327,-0.03200000000000003,0.248,0.265,-0.017000000000000015
"Barger, Addison","680718","2024","225","149",0.197,0.226,-0.028999999999999998,0.351,0.397,-0.04600000000000004,0.262,0.294,-0.03199999999999997
"Goodman, Hunter","696100","2024","224","149",0.19,0.208,-0.017999999999999988,0.417,0.413,0.0040000000000000036,0.274,0.283,-0.008999999999999952
"Biggio, Cavan","624415","2024","224","118",0.197,0.179,0.018000000000000016,0.303,0.245,0.057999999999999996,0.285,0.26,0.024999999999999967
"Mitchell, Garrett","669003","2024","224","127",0.255,0.228,0.026999999999999996,0.469,0.372,0.09699999999999998,0.351,0.311,0.03999999999999998
"Valdez, Enmanuel","665839","2024","223","153",0.214,0.231,-0.017000000000000015,0.363,0.418,-0.05499999999999999,0.275,0.308,-0.032999999999999974
"Acuña Jr., Ronald","660670","2024","222","139",0.25,0.256,-0.006000000000000005,0.365,0.43,-0.065,0.322,0.35,-0.02799999999999997
"Schneemann, Daniel","682177","2024","221","126",0.218,0.208,0.010000000000000009,0.368,0.316,0.05199999999999999,0.295,0.28,0.014999999999999958
"Pagés, Pedro","686780","2024","218","147",0.238,0.223,0.014999999999999986,0.376,0.354,0.02200000000000002,0.286,0.283,0.0030000000000000027
"Gonzalez, Romy","663853","2024","216","145",0.266,0.251,0.015000000000000013,0.417,0.425,-0.008000000000000007,0.311,0.317,-0.006000000000000005
"Soderstrom, Tyler","691016","2024","213","137",0.233,0.235,-0.001999999999999974,0.429,0.493,-0.064,0.322,0.351,-0.02899999999999997
"Slater, Austin","596103","2024","212","121",0.209,0.231,-0.02200000000000002,0.266,0.326,-0.06,0.273,0.307,-0.033999999999999975
"Lipscomb, Trey","702358","2024","211","152",0.2,0.228,-0.027999999999999997,0.232,0.294,-0.06199999999999997,0.231,0.271,-0.04000000000000001
"Jiménez, Leo","677870","2024","210","123",0.229,0.225,0.0040000000000000036,0.358,0.368,-0.010000000000000009,0.308,0.313,-0.0050000000000000044
"Stowers, Kyle","669065","2024","209","119",0.208,0.217,-0.009000000000000008,0.333,0.374,-0.04099999999999998,0.265,0.291,-0.025999999999999968
"Grisham, Trent","663757","2024","209","125",0.19,0.196,-0.006000000000000005,0.385,0.389,-0.0040000000000000036,0.295,0.303,-0.008000000000000007
"Mateo, Jorge","622761","2024","208","149",0.229,0.227,0.0020000000000000018,0.401,0.351,0.050000000000000044,0.286,0.278,0.007999999999999952
"Holliday, Jackson","702616","2024","208","122",0.189,0.19,-0.0010000000000000009,0.311,0.337,-0.026000000000000023,0.251,0.263,-0.01200000000000001
"Jankowski, Travis","608671","2024","207","146",0.2,0.207,-0.0069999999999999785,0.242,0.256,-0.014000000000000012,0.234,0.245,-0.010999999999999982
"Noel, Jhonkensy","678877","2024","198","117",0.218,0.217,0.0010000000000000009,0.486,0.444,0.04199999999999998,0.331,0.325,0.006000000000000005
"Olivares, Edward","658668","2024","196","141",0.224,0.274,-0.05000000000000002,0.333,0.398,-0.065,0.276,0.333,-0.056999999999999995
"Norby, Connor","681393","2024","194","115",0.236,0.224,0.011999999999999983,0.438,0.448,-0.010000000000000009,0.316,0.316,0
"Stewart, DJ","621466","2024","194","111",0.177,0.21,-0.033,0.297,0.358,-0.061,0.29,0.33,-0.040000000000000036
"Julks, Corey","667452","2024","189","124",0.214,0.214,0,0.306,0.315,-0.009000000000000008,0.26,0.27,-0.010000000000000009
"Jung, Josh","673962","2024","188","131",0.264,0.24,0.02400000000000002,0.421,0.409,0.01200000000000001,0.311,0.296,0.015000000000000013
"Canzone, Dominic","686527","2024","188","117",0.196,0.212,-0.015999999999999986,0.381,0.435,-0.05399999999999999,0.28,0.31,-0.02999999999999997
"Guillorme, Luis","641645","2024","187","128",0.205,0.223,-0.018000000000000016,0.273,0.3,-0.02699999999999997,0.263,0.285,-0.021999999999999964
"Stubbs, Garrett","596117","2024","187","115",0.207,0.192,0.014999999999999986,0.262,0.24,0.02200000000000002,0.258,0.249,0.009000000000000008
"Cameron, Daz","663662","2024","186","121",0.2,0.219,-0.01899999999999999,0.329,0.358,-0.02899999999999997,0.258,0.284,-0.025999999999999968
"Thaiss, Matt","642136","2024","186","100",0.204,0.193,0.010999999999999982,0.299,0.333,-0.03400000000000003,0.286,0.295,-0.009000000000000008
"Alexander, Blaze","677942","2024","185","118",0.247,0.203,0.043999999999999984,0.343,0.29,0.05300000000000005,0.298,0.262,0.035999999999999976
"Lee, Brooks","686797","2024","185","147",0.221,0.243,-0.021999999999999992,0.32,0.355,-0.034999999999999976,0.252,0.282,-0.02999999999999997
"Beck, Jordan","687597","2024","184","106",0.188,0.208,-0.01999999999999999,0.276,0.332,-0.055999999999999994,0.231,0.265,-0.034
"Pache, Cristian","665506","2024","183","102",0.2,0.195,0.0050000000000000044,0.279,0.294,-0.014999999999999958,0.25,0.255,-0.0050000000000000044
"Rice, Ben","700250","2024","178","109",0.171,0.229,-0.057999999999999996,0.349,0.46,-0.11100000000000004,0.269,0.338,-0.069
"Walker, Jordan","691023","2024","178","116",0.201,0.206,-0.004999999999999977,0.366,0.366,0,0.268,0.278,-0.010000000000000009
"Kirilloff, Alex","666135","2024","178","115",0.201,0.219,-0.017999999999999988,0.384,0.442,-0.057999999999999996,0.282,0.319,-0.03700000000000003
"Caminero, Junior","691406","2024","177","127",0.248,0.234,0.013999999999999985,0.424,0.412,0.01200000000000001,0.309,0.303,0.006000000000000005
"Wisdom, Patrick","621550","2024","174","101",0.171,0.183,-0.011999999999999983,0.392,0.436,-0.043999999999999984,0.271,0.294,-0.022999999999999965
"Hill, Derek","656537","2024","172","109",0.241,0.241,0,0.42,0.403,0.01699999999999996,0.296,0.297,-0.0010000000000000009
"Loftin, Nick","679845","2024","171","127",0.189,0.224,-0.035,0.236,0.307,-0.07100000000000001,0.242,0.286,-0.043999999999999984
"Baty, Brett","683146","2024","171","112",0.229,0.208,0.02100000000000002,0.327,0.347,-0.019999999999999962,0.282,0.284,-0.0020000000000000018
"Martínez, Angel","682657","2024","169","121",0.232,0.225,0.007000000000000006,0.338,0.323,0.015000000000000013,0.282,0.281,0.0009999999999999454
"Tena, José","677588","2024","168","120",0.267,0.252,0.015000000000000013,0.354,0.418,-0.064,0.286,0.306,-0.020000000000000018
"Martini, Nick","605361","2024","163","111",0.212,0.213,-0.0010000000000000009,0.37,0.345,0.025000000000000022,0.279,0.28,-0.0010000000000000009
"Carter, Evan","694497","2024","162","102",0.188,0.204,-0.015999999999999986,0.361,0.341,0.019999999999999962,0.278,0.282,-0.003999999999999948
"Arias, Gabriel","672356","2024","161","101",0.222,0.218,0.0040000000000000036,0.353,0.376,-0.02300000000000002,0.263,0.279,-0.016000000000000014
"Lee, Jung Hoo","808982","2024","158","134",0.262,0.276,-0.014000000000000012,0.331,0.415,-0.08399999999999996,0.284,0.324,-0.040000000000000036
"Hilliard, Sam","656541","2024","158","88",0.239,0.21,0.028999999999999998,0.507,0.414,0.09300000000000003,0.342,0.298,0.04400000000000004
"McGuire, Reese","624512","2024","158","104",0.209,0.22,-0.01100000000000001,0.295,0.344,-0.04899999999999999,0.259,0.284,-0.024999999999999967
"Smith, Pavin","656976","2024","158","109",0.27,0.287,-0.01699999999999996,0.547,0.534,0.013000000000000012,0.377,0.396,-0.019000000000000017
"Carpenter, Matt","572761","2024","157","88",0.234,0.212,0.02200000000000002,0.372,0.357,0.015000000000000013,0.303,0.29,0.013000000000000012
"McCann, Kyle","668832","2024","157","81",0.236,0.183,0.05299999999999999,0.371,0.363,0.008000000000000007,0.304,0.279,0.024999999999999967
"Davis, J.D.","605204","2024","157","103",0.218,0.21,0.008000000000000007,0.338,0.366,-0.02799999999999997,0.282,0.29,-0.008000000000000007
"Matos, Luis","682641","2024","156","127",0.213,0.239,-0.025999999999999995,0.347,0.366,-0.019000000000000017,0.25,0.271,-0.02100000000000002
"Outman, James","681546","2024","156","81",0.147,0.2,-0.05300000000000002,0.265,0.334,-0.069,0.242,0.29,-0.04799999999999999
"Wade, Tyler","642180","2024","156","113",0.217,0.245,-0.027999999999999997,0.239,0.316,-0.07700000000000001,0.242,0.285,-0.04299999999999998
"Manzardo, Kyle","700932","2024","156","105",0.234,0.196,0.038000000000000006,0.421,0.39,0.030999999999999972,0.303,0.276,0.02699999999999997
"Barnes, Austin","605131","2024","156","106",0.264,0.227,0.037000000000000005,0.307,0.298,0.009000000000000008,0.289,0.275,0.013999999999999957
"Bryant, Kris","592178","2024","155","86",0.218,0.21,0.008000000000000007,0.301,0.319,-0.018000000000000016,0.287,0.292,-0.0050000000000000044
"Scott II, Victor","687363","2024","155","105",0.179,0.202,-0.02300000000000002,0.283,0.322,-0.039000000000000035,0.221,0.251,-0.03
"Jackson, Alex","656577","2024","155","88",0.122,0.137,-0.015000000000000013,0.237,0.266,-0.029000000000000026,0.2,0.224,-0.023999999999999994
"Maile, Luke","571912","2024","154","85",0.178,0.176,0.0020000000000000018,0.252,0.257,-0.0050000000000000044,0.241,0.244,-0.0030000000000000027
"Edman, Tommy","669242","2024","153","111",0.237,0.217,0.01999999999999999,0.417,0.327,0.08999999999999997,0.307,0.272,0.034999999999999976
"Maldonado, Martín","455117","2024","147","87",0.119,0.157,-0.038000000000000006,0.23,0.287,-0.05699999999999997,0.181,0.221,-0.04000000000000001
"Bethancourt, Christian","542194","2024","147","105",0.209,0.217,-0.008000000000000007,0.367,0.372,-0.0050000000000000044,0.263,0.274,-0.01100000000000001
"Hedges, Austin","595978","2024","146","87",0.152,0.128,0.023999999999999994,0.22,0.188,0.032,0.191,0.171,0.01999999999999999
"Aranda, Jonathan","666018","2024","143","97",0.234,0.249,-0.014999999999999986,0.43,0.525,-0.09500000000000003,0.32,0.363,-0.04299999999999998
"Monasterio, Andruw","655316","2024","142","85",0.208,0.207,0.0010000000000000009,0.272,0.352,-0.07999999999999996,0.266,0.295,-0.02899999999999997
"Mendick, Danny","664901","2024","141","98",0.197,0.206,-0.00899999999999998,0.318,0.34,-0.02200000000000002,0.247,0.261,-0.014000000000000012
"Nido, Tomás","621512","2024","140","100",0.192,0.214,-0.021999999999999992,0.315,0.428,-0.11299999999999999,0.231,0.289,-0.05799999999999997
"Hernaiz, Darell","687231","2024","135","96",0.192,0.227,-0.035,0.242,0.285,-0.04299999999999998,0.23,0.276,-0.04600000000000001
"Crews, Dylan","686611","2024","132","94",0.218,0.25,-0.032,0.353,0.422,-0.069,0.283,0.327,-0.04400000000000004
"Chaparro, Andrés","665953","2024","132","97",0.215,0.222,-0.007000000000000006,0.413,0.402,0.010999999999999954,0.301,0.303,-0.0020000000000000018
"Blanco, Dairon","680118","2024","132","90",0.258,0.211,0.047000000000000014,0.392,0.382,0.010000000000000009,0.306,0.284,0.02200000000000002
"Mead, Curtis","678554","2024","132","93",0.238,0.239,-0.0010000000000000009,0.287,0.357,-0.07,0.255,0.282,-0.02699999999999997
"Adams, Riley","656180","2024","130","83",0.224,0.219,0.0050000000000000044,0.336,0.348,-0.011999999999999955,0.275,0.287,-0.011999999999999955
"McCray, Grant","687529","2024","130","68",0.202,0.193,0.009000000000000008,0.379,0.353,0.026000000000000023,0.266,0.257,0.009000000000000008
"Torrens, Luis","620443","2024","130","91",0.229,0.26,-0.031,0.373,0.411,-0.03799999999999998,0.292,0.324,-0.03200000000000003
"Trout, Mike","545361","2024","126","82",0.22,0.271,-0.05100000000000002,0.541,0.598,-0.05699999999999994,0.365,0.407,-0.04199999999999998
"Casali, Curt","592200","2024","125","88",0.194,0.208,-0.013999999999999985,0.25,0.288,-0.03799999999999998,0.254,0.274,-0.020000000000000018
"Stefanic, Michael","683021","2024","124","91",0.218,0.206,0.01200000000000001,0.255,0.261,-0.006000000000000005,0.258,0.258,0
"Encarnacion-Strand, Christian","687952","2024","123","83",0.19,0.238,-0.04799999999999999,0.293,0.439,-0.14600000000000002,0.223,0.301,-0.07799999999999999
"Harris, Brett","695391","2024","123","79",0.146,0.184,-0.038000000000000006,0.262,0.282,-0.019999999999999962,0.252,0.276,-0.02400000000000002
"Davis, Henry","680779","2024","122","62",0.144,0.152,-0.008000000000000007,0.212,0.227,-0.015000000000000013,0.213,0.225,-0.01200000000000001
"Baldwin, Brooks","681460","2024","121","84",0.211,0.213,-0.0020000000000000018,0.316,0.35,-0.033999999999999975,0.249,0.264,-0.015000000000000013
"Clemens, Kody","665019","2024","120","85",0.219,0.192,0.026999999999999996,0.447,0.36,0.08700000000000002,0.301,0.257,0.043999999999999984
"Abreu, José","547989","2024","120","86",0.124,0.161,-0.037000000000000005,0.195,0.244,-0.04899999999999999,0.164,0.201,-0.037000000000000005
"Encarnacion, Jerar","666464","2024","119","80",0.248,0.269,-0.02100000000000002,0.425,0.513,-0.08800000000000002,0.301,0.352,-0.05099999999999999
"Sweeney, Trey","700242","2024","119","79",0.218,0.213,0.0050000000000000044,0.373,0.426,-0.05299999999999999,0.279,0.307,-0.02799999999999997
"Cooper, Garrett","643265","2024","116","72",0.206,0.261,-0.05500000000000002,0.299,0.424,-0.125,0.253,0.327,-0.07400000000000001
"Grissom, Vaughn","687093","2024","114","82",0.19,0.25,-0.06,0.219,0.345,-0.12599999999999997,0.213,0.291,-0.07799999999999999
"Kjerstad, Heston","677008","2024","114","66",0.253,0.212,0.04100000000000001,0.394,0.356,0.038000000000000034,0.327,0.299,0.028000000000000025
"Herrera, Jose","645444","2024","114","78",0.227,0.215,0.01200000000000001,0.32,0.28,0.03999999999999998,0.271,0.26,0.01100000000000001
"Call, Alex","669743","2024","113","80",0.343,0.242,0.10100000000000003,0.525,0.375,0.15000000000000002,0.412,0.319,0.09299999999999997
"Schmitt, Casey","669477","2024","113","83",0.252,0.245,0.007000000000000006,0.477,0.46,0.01699999999999996,0.323,0.314,0.009000000000000008
"Noda, Ryan","676116","2024","111","59",0.137,0.157,-0.01999999999999999,0.211,0.275,-0.06400000000000003,0.223,0.254,-0.031
"Florial, Estevan","664314","2024","111","58",0.173,0.163,0.009999999999999981,0.367,0.3,0.067,0.277,0.254,0.02300000000000002
"Urías, Luis","649966","2024","109","60",0.191,0.199,-0.008000000000000007,0.394,0.399,-0.0050000000000000044,0.309,0.314,-0.0050000000000000044
"Myers, Dane","667472","2024","108","61",0.263,0.226,0.037000000000000005,0.442,0.389,0.05299999999999999,0.335,0.31,0.025000000000000022
"Bouchard, Sean","656248","2024","108","61",0.187,0.166,0.02099999999999999,0.297,0.289,0.008000000000000007,0.266,0.262,0.0040000000000000036
"Ramos, Bryan","682868","2024","108","78",0.202,0.231,-0.028999999999999998,0.333,0.376,-0.04299999999999998,0.257,0.291,-0.033999999999999975
"Mastrobuoni, Miles","670156","2024","106","82",0.194,0.26,-0.066,0.224,0.367,-0.143,0.214,0.3,-0.086
"Story, Trevor","596115","2024","106","61",0.255,0.193,0.062,0.394,0.301,0.09300000000000003,0.318,0.259,0.059
"Kavadas, Niko","694359","2024","106","52",0.183,0.183,0,0.333,0.371,-0.03799999999999998,0.278,0.291,-0.012999999999999956
"Allen, Nick","669397","2024","105","80",0.175,0.202,-0.027000000000000024,0.247,0.248,-0.0010000000000000009,0.207,0.224,-0.017000000000000015
"Dunn, Oliver","686554","2024","104","56",0.221,0.206,0.015000000000000013,0.316,0.326,-0.010000000000000009,0.266,0.266,0
"Wilson, Jacob","805779","2024","103","84",0.25,0.267,-0.017000000000000015,0.315,0.316,-0.0010000000000000009,0.281,0.291,-0.009999999999999953
"Thomas, Alek","677950","2024","103","79",0.189,0.277,-0.08800000000000002,0.358,0.46,-0.10200000000000004,0.262,0.344,-0.08199999999999996
"Gamel, Ben","592325","2024","99","57",0.247,0.254,-0.007000000000000006,0.333,0.38,-0.046999999999999986,0.327,0.345,-0.01799999999999996
"Schunk, Aaron","668845","2024","98","63",0.234,0.204,0.030000000000000027,0.33,0.309,0.02100000000000002,0.257,0.237,0.020000000000000018
"Wilson, Weston","642215","2024","98","60",0.284,0.22,0.06399999999999997,0.489,0.427,0.062,0.358,0.318,0.03999999999999998
"Williams, Alika","675961","2024","96","70",0.207,0.224,-0.017000000000000015,0.299,0.311,-0.01200000000000001,0.237,0.254,-0.017000000000000015
"Gomes, Yan","543228","2024","96","57",0.154,0.207,-0.05299999999999999,0.242,0.363,-0.121,0.184,0.257,-0.07300000000000001
"Sánchez, Ali","645305","2024","96","67",0.167,0.178,-0.010999999999999982,0.19,0.265,-0.07500000000000001,0.184,0.221,-0.037000000000000005
"Barnhart, Tucker","571466","2024","96","52",0.173,0.165,0.00799999999999998,0.21,0.223,-0.013000000000000012,0.239,0.244,-0.0050000000000000044
"Sanó, Miguel","593934","2024","95","48",0.205,0.24,-0.035,0.313,0.381,-0.068,0.275,0.313,-0.03799999999999998
"Jung, Jace","690291","2024","94","50",0.241,0.219,0.021999999999999992,0.304,0.294,0.010000000000000009,0.308,0.297,0.01100000000000001
"Madrigal, Nick","663611","2024","94","77",0.221,0.242,-0.02099999999999999,0.256,0.288,-0.03199999999999997,0.245,0.271,-0.026000000000000023
"Knizner, Andrew","668800","2024","93","69",0.167,0.229,-0.062,0.211,0.326,-0.11500000000000002,0.174,0.253,-0.07900000000000001
"Dalbec, Bobby","666915","2024","93","41",0.133,0.117,0.016,0.193,0.178,0.015000000000000013,0.194,0.184,0.010000000000000009
"Lukes, Nathan","664770","2024","91","72",0.303,0.282,0.02100000000000002,0.447,0.396,0.05099999999999999,0.351,0.329,0.021999999999999964
"Cabbage, Trey","663550","2024","91","52",0.209,0.188,0.02099999999999999,0.337,0.358,-0.020999999999999963,0.258,0.261,-0.0030000000000000027
"Conine, Griffin","665052","2024","89","54",0.268,0.212,0.05600000000000002,0.451,0.371,0.08000000000000002,0.337,0.286,0.051000000000000045
"Short, Zack","670097","2024","88","49",0.129,0.17,-0.04100000000000001,0.171,0.265,-0.094,0.228,0.276,-0.048000000000000015
"Dingler, Dillon","693307","2024","87","54",0.167,0.24,-0.07299999999999998,0.31,0.391,-0.08100000000000002,0.217,0.287,-0.06999999999999998
"Del Castillo, Adrian","680728","2024","87","52",0.313,0.215,0.098,0.525,0.4,0.125,0.384,0.298,0.08600000000000002
"Sogard, Nick","686765","2024","86","54",0.273,0.277,-0.0040000000000000036,0.325,0.361,-0.035999999999999976,0.289,0.309,-0.020000000000000018
"Rivas, Leo","660844","2024","86","51",0.233,0.243,-0.009999999999999981,0.274,0.318,-0.043999999999999984,0.282,0.304,-0.02200000000000002
"Wagner, Will","695238","2024","86","66",0.305,0.316,-0.01100000000000001,0.451,0.498,-0.046999999999999986,0.342,0.367,-0.024999999999999967
"Baddoo, Akil","668731","2024","82","47",0.137,0.194,-0.056999999999999995,0.301,0.41,-0.10899999999999999,0.23,0.299,-0.06899999999999998
"Luciano, Marco","682617","2024","81","48",0.211,0.238,-0.026999999999999996,0.303,0.368,-0.065,0.248,0.288,-0.03999999999999998
"Bae, Ji Hwan","678225","2024","81","51",0.189,0.214,-0.024999999999999994,0.216,0.348,-0.13199999999999998,0.213,0.278,-0.06500000000000003
"Crawford, Brandon","543063","2024","80","45",0.169,0.204,-0.034999999999999976,0.282,0.316,-0.03400000000000003,0.248,0.277,-0.029000000000000026
"Fermín, José","665877","2024","79","60",0.155,0.194,-0.03900000000000001,0.197,0.238,-0.04099999999999998,0.207,0.244,-0.037000000000000005
"Azócar, José","640492","2024","79","55",0.219,0.231,-0.01200000000000001,0.247,0.312,-0.065,0.235,0.269,-0.03400000000000003
"Vogelbach, Daniel","596129","2024","79","53",0.186,0.271,-0.08500000000000002,0.3,0.495,-0.195,0.262,0.369,-0.10699999999999998
"Nuñez, Nasim","683083","2024","78","51",0.246,0.184,0.062,0.262,0.229,0.033,0.3,0.27,0.02999999999999997
"Palacios, Joshua","641943","2024","78","55",0.224,0.261,-0.037000000000000005,0.343,0.381,-0.03799999999999998,0.307,0.34,-0.03300000000000003
"Robinson, Chuckie","642020","2024","76","50",0.129,0.172,-0.04299999999999998,0.129,0.216,-0.087,0.159,0.213,-0.05399999999999999
"Madris, Bligh","676632","2024","75","48",0.269,0.225,0.04400000000000001,0.358,0.383,-0.025000000000000022,0.301,0.294,0.007000000000000006
"DeLoach, Zach","676113","2024","75","46",0.209,0.214,-0.0050000000000000044,0.328,0.279,0.04899999999999999,0.279,0.269,0.010000000000000009
"Berti, Jon","542932","2024","74","53",0.273,0.274,-0.0010000000000000009,0.318,0.337,-0.019000000000000017,0.3,0.308,-0.008000000000000007
"Wagaman, Eric","676572","2024","74","55",0.25,0.267,-0.017000000000000015,0.403,0.429,-0.025999999999999968,0.29,0.31,-0.020000000000000018
"Johnson, Bryce","669369","2024","73","54",0.206,0.258,-0.05200000000000002,0.238,0.306,-0.068,0.243,0.293,-0.04999999999999999
"Amaya, Jacob","676070","2024","72","40",0.176,0.179,-0.0030000000000000027,0.191,0.225,-0.034,0.19,0.206,-0.015999999999999986
"López, Jack","605346","2024","71","43",0.254,0.176,0.07800000000000001,0.343,0.238,0.10500000000000004,0.277,0.203,0.07400000000000001
"Serven, Brian","661531","2024","71","42",0.159,0.171,-0.01200000000000001,0.222,0.275,-0.05300000000000002,0.217,0.244,-0.026999999999999996
"Bliss, Ryan","669208","2024","71","43",0.222,0.211,0.01100000000000001,0.397,0.423,-0.025999999999999968,0.3,0.309,-0.009000000000000008
"Narváez, Omar","553882","2024","69","54",0.154,0.178,-0.023999999999999994,0.185,0.246,-0.061,0.171,0.206,-0.034999999999999976
"Haase, Eric","606992","2024","69","38",0.273,0.222,0.05100000000000002,0.515,0.471,0.04400000000000004,0.35,0.309,0.04099999999999998
"Hurtubise, Jacob","674441","2024","68","41",0.185,0.194,-0.009000000000000008,0.241,0.256,-0.015000000000000013,0.253,0.268,-0.015000000000000013
"Trejo, Alan","676701","2024","67","49",0.143,0.19,-0.047000000000000014,0.143,0.264,-0.12100000000000002,0.152,0.22,-0.068
"Shewmake, Braden","669699","2024","67","56",0.125,0.178,-0.05299999999999999,0.203,0.279,-0.07600000000000001,0.144,0.206,-0.062
"Domínguez, Jasson","691176","2024","67","37",0.179,0.202,-0.02300000000000002,0.304,0.338,-0.03400000000000003,0.285,0.309,-0.02400000000000002
"Clase, Jonatan","682729","2024","66","44",0.246,0.171,0.07499999999999998,0.328,0.251,0.07700000000000001,0.283,0.221,0.06199999999999997
"Gurriel, Yuli","493329","2024","65","41",0.241,0.256,-0.015000000000000013,0.296,0.343,-0.04700000000000004,0.289,0.324,-0.03500000000000003
"Kreidler, Ryan","668952","2024","65","40",0.119,0.167,-0.048000000000000015,0.169,0.25,-0.08099999999999999,0.177,0.231,-0.05400000000000002
"Dezenzo, Zach","701305","2024","65","40",0.242,0.222,0.01999999999999999,0.371,0.454,-0.08300000000000002,0.283,0.305,-0.02200000000000002
"Ruiz, Esteury","665923","2024","65","39",0.2,0.179,0.02100000000000002,0.382,0.35,0.03200000000000003,0.281,0.287,-0.00599999999999995
"Reyes, Pablo","622569","2024","64","41",0.183,0.208,-0.024999999999999994,0.217,0.298,-0.08099999999999999,0.207,0.249,-0.04200000000000001
"Hicks, Aaron","543305","2024","63","34",0.14,0.19,-0.04999999999999999,0.193,0.286,-0.09299999999999997,0.196,0.254,-0.057999999999999996
"Ford, Mike","645801","2024","62","45",0.15,0.205,-0.05499999999999999,0.233,0.306,-0.07299999999999998,0.18,0.237,-0.056999999999999995
"Dahl, David","621311","2024","62","38",0.207,0.205,0.0020000000000000018,0.397,0.405,-0.008000000000000007,0.273,0.277,-0.0040000000000000036
"Millas, Drew","686452","2024","62","41",0.246,0.223,0.022999999999999993,0.316,0.313,0.0030000000000000027,0.28,0.271,0.009000000000000008
"Walsh, Jared","665120","2024","60","32",0.226,0.243,-0.016999999999999987,0.321,0.411,-0.08999999999999997,0.289,0.328,-0.039000000000000035
"Paris, Kyren","677347","2024","59","34",0.118,0.18,-0.062,0.216,0.315,-0.099,0.207,0.27,-0.06300000000000003
"Hensley, David","682073","2024","58","35",0.212,0.15,0.062,0.288,0.21,0.07799999999999999,0.265,0.22,0.04500000000000001
"Rosario, Eguy","666703","2024","57","34",0.245,0.191,0.05399999999999999,0.528,0.398,0.13,0.345,0.275,0.06999999999999995
"Tucker, Cole","657061","2024","57","34",0.18,0.193,-0.013000000000000012,0.3,0.277,0.022999999999999965,0.25,0.259,-0.009000000000000008
"McCoy, Mason","669200","2024","57","33",0.204,0.202,0.001999999999999974,0.245,0.241,0.0040000000000000036,0.241,0.245,-0.0040000000000000036
"Black, Tyler","672012","2024","57","32",0.204,0.192,0.011999999999999983,0.245,0.237,0.008000000000000007,0.265,0.258,0.007000000000000006
"Marchán, Rafael","665561","2024","56","44",0.294,0.33,-0.03600000000000003,0.549,0.511,0.038000000000000034,0.382,0.387,-0.0050000000000000044
"Tromp, Chadwick","644433","2024","54","36",0.25,0.242,0.008000000000000007,0.365,0.336,0.02899999999999997,0.266,0.257,0.009000000000000008
"Romo, Drew","691011","2024","53","33",0.176,0.149,0.026999999999999996,0.235,0.206,0.028999999999999998,0.197,0.175,0.02200000000000002
"Saggese, Thomas","695336","2024","52","35",0.204,0.203,0.0009999999999999731,0.306,0.318,-0.01200000000000001,0.247,0.251,-0.0040000000000000036
"Williams, Luke","663897","2024","52","34",0.196,0.166,0.03,0.261,0.27,-0.009000000000000008,0.246,0.237,0.009000000000000008
"Hinds, Rece","677956","2024","51","30",0.261,0.246,0.015000000000000013,0.717,0.627,0.08999999999999997,0.433,0.394,0.03899999999999998
"García, Avisaíl","541645","2024","51","37",0.24,0.252,-0.01200000000000001,0.38,0.421,-0.04099999999999998,0.274,0.303,-0.02899999999999997
"Shenton, Austin","668853","2024","50","28",0.214,0.199,0.014999999999999986,0.405,0.3,0.10500000000000004,0.33,0.291,0.039000000000000035
"Pinto, René","650907","2024","49","26",0.214,0.187,0.026999999999999996,0.429,0.483,-0.05399999999999999,0.31,0.335,-0.025000000000000022
"Cook, Billy","695257","2024","49","30",0.224,0.219,0.0050000000000000044,0.449,0.437,0.01200000000000001,0.285,0.278,0.006999999999999951
"Locklear, Tyler","682988","2024","49","25",0.156,0.146,0.010000000000000009,0.311,0.278,0.032999999999999974,0.238,0.222,0.015999999999999986
"Vilade, Ryan","668723","2024","49","35",0.178,0.228,-0.05000000000000002,0.244,0.315,-0.07100000000000001,0.2,0.251,-0.05099999999999999
"Baker, Luken","663609","2024","49","31",0.175,0.188,-0.013000000000000012,0.4,0.357,0.04300000000000004,0.294,0.299,-0.0050000000000000044
"Wendzel, Davis","673995","2024","49","35",0.128,0.198,-0.07,0.234,0.389,-0.155,0.176,0.269,-0.09300000000000003
"Campero, Gustavo","672569","2024","48","38",0.239,0.229,0.009999999999999981,0.348,0.306,0.04199999999999998,0.271,0.259,0.01200000000000001
"Bote, David","623520","2024","48","33",0.304,0.245,0.059,0.391,0.354,0.03700000000000003,0.317,0.283,0.03400000000000003
"Westbrook, Jamie","642197","2024","48","28",0.15,0.217,-0.067,0.35,0.41,-0.06,0.252,0.308,-0.055999999999999994
"Jones, Jahmai","663330","2024","47","27",0.238,0.189,0.04899999999999999,0.381,0.329,0.05199999999999999,0.302,0.266,0.035999999999999976
"Whitcomb, Shay","694376","2024","46","33",0.22,0.276,-0.05600000000000002,0.293,0.416,-0.123,0.272,0.341,-0.069
"Mayo, Coby","691723","2024","46","19",0.098,0.17,-0.07200000000000001,0.098,0.203,-0.10500000000000001,0.152,0.222,-0.07
"Moncada, Yoán","660162","2024","45","29",0.275,0.265,0.010000000000000009,0.4,0.351,0.049000000000000044,0.333,0.316,0.017000000000000015
"Berroa, Steward","672642","2024","45","23",0.189,0.144,0.04500000000000001,0.216,0.191,0.024999999999999994,0.268,0.243,0.025000000000000022
"Foscue, Justin","679822","2024","44","24",0.048,0.103,-0.05499999999999999,0.071,0.151,-0.08,0.08,0.137,-0.05700000000000001
"Zavala, Seby","664874","2024","43","24",0.154,0.177,-0.022999999999999993,0.282,0.369,-0.08700000000000002,0.221,0.261,-0.04000000000000001
"Yorke, Nick","694377","2024","42","26",0.216,0.279,-0.06300000000000003,0.378,0.511,-0.133,0.289,0.379,-0.09000000000000002
"White, Eli","642201","2024","42","27",0.282,0.204,0.07799999999999999,0.436,0.343,0.09299999999999997,0.335,0.27,0.065
"Rodríguez, Johnathan","671286","2024","40","17",0.129,0.134,-0.0050000000000000044,0.161,0.157,0.0040000000000000036,0.253,0.26,-0.007000000000000006
"Ornelas, Jonathan","680716","2024","40","25",0.216,0.225,-0.009000000000000008,0.27,0.278,-0.008000000000000007,0.235,0.246,-0.01100000000000001
"Pereda, Jhonny","640902","2024","40","29",0.231,0.231,0,0.231,0.311,-0.07999999999999999,0.216,0.255,-0.03900000000000001
"Acuña, Luisangel","682668","2024","40","33",0.308,0.264,0.043999999999999984,0.641,0.428,0.21300000000000002,0.406,0.307,0.09900000000000003
"Remillard, Zach","621545","2024","39","24",0.242,0.226,0.015999999999999986,0.333,0.317,0.016000000000000014,0.305,0.301,0.0040000000000000036
"Alvarez, Armando","669137","2024","39","29",0.243,0.265,-0.02200000000000002,0.27,0.344,-0.07399999999999995,0.248,0.289,-0.04099999999999998
"Colás, Oscar","693049","2024","38","23",0.273,0.248,0.025000000000000022,0.273,0.289,-0.01599999999999996,0.3,0.299,0.0010000000000000009
"Murphy, Tom","608596","2024","38","20",0.118,0.15,-0.032,0.235,0.323,-0.08800000000000002,0.206,0.253,-0.047000000000000014
"Sabol, Blake","666165","2024","38","23",0.313,0.244,0.069,0.375,0.398,-0.02300000000000002,0.352,0.33,0.021999999999999964
"Adams, Jordyn","677941","2024","38","23",0.229,0.254,-0.024999999999999994,0.314,0.382,-0.068,0.271,0.308,-0.03699999999999998
"Wendle, Joey","621563","2024","37","27",0.222,0.222,0,0.25,0.307,-0.056999999999999995,0.219,0.247,-0.027999999999999997
"Driscoll, Logan","686482","2024","37","30",0.171,0.225,-0.05399999999999999,0.257,0.357,-0.09999999999999998,0.193,0.267,-0.07400000000000001
"Villar, David","681584","2024","37","23",0.257,0.222,0.035,0.457,0.439,0.018000000000000016,0.305,0.319,-0.014000000000000012
"Amador, Adael","691182","2024","36","29",0.171,0.244,-0.07299999999999998,0.2,0.344,-0.14399999999999996,0.176,0.271,-0.09500000000000003
"Sanoja, Javier","691594","2024","36","31",0.229,0.219,0.010000000000000009,0.286,0.275,0.010999999999999954,0.236,0.231,0.004999999999999977
"Wall, Forrest","657088","2024","35","24",0.25,0.196,0.05399999999999999,0.25,0.261,-0.01100000000000001,0.261,0.244,0.017000000000000015
"Díaz, Aledmys","649557","2024","34","24",0.091,0.197,-0.10600000000000001,0.091,0.236,-0.145,0.098,0.206,-0.10799999999999998
"Goodrum, Niko","592348","2024","33","20",0.103,0.169,-0.06600000000000002,0.103,0.255,-0.15200000000000002,0.147,0.232,-0.08500000000000002
"Pauley, Graham","688363","2024","32","17",0.125,0.172,-0.046999999999999986,0.313,0.324,-0.01100000000000001,0.183,0.214,-0.031
"Blankenhorn, Travis","663905","2024","32","22",0.129,0.172,-0.04299999999999998,0.161,0.252,-0.091,0.143,0.204,-0.061
"Alvarez Jr., Nacho","805373","2024","32","20",0.1,0.174,-0.07399999999999998,0.1,0.225,-0.125,0.128,0.211,-0.08299999999999999
"Salazar, César","663967","2024","32","22",0.32,0.323,-0.0030000000000000027,0.4,0.378,0.02200000000000002,0.343,0.34,0.0030000000000000027
"Gray, Tristan","656484","2024","31","12",0.107,0.17,-0.06300000000000001,0.143,0.19,-0.047000000000000014,0.164,0.211,-0.046999999999999986
"De Los Santos, Luis","665782","2024","31","19",0.172,0.185,-0.013000000000000012,0.241,0.233,0.00799999999999998,0.211,0.22,-0.009000000000000008
"Vosler, Jason","613564","2024","30","19",0.179,0.229,-0.05000000000000002,0.286,0.434,-0.14800000000000002,0.229,0.307,-0.07799999999999999
"Brooks, Trenton","670092","2024","29","19",0.12,0.174,-0.05399999999999999,0.12,0.291,-0.17099999999999999,0.186,0.267,-0.08100000000000002
"Dunn, Blake","694362","2024","29","15",0.154,0.158,-0.0040000000000000036,0.308,0.301,0.007000000000000006,0.247,0.245,0.0020000000000000018
"Mervis, Matt","670223","2024","28","18",0.115,0.123,-0.007999999999999993,0.154,0.221,-0.067,0.137,0.176,-0.03899999999999998
"Adrianza, Ehire","501303","2024","28","15",0.192,0.172,0.020000000000000018,0.346,0.307,0.03899999999999998,0.262,0.241,0.02100000000000002
"Leblanc, Charles","641779","2024","28","12",0.19,0.206,-0.015999999999999986,0.476,0.461,0.014999999999999958,0.382,0.381,0.0010000000000000009
"Wiemer, Joey","686894","2024","28","17",0.154,0.181,-0.026999999999999996,0.154,0.292,-0.13799999999999998,0.175,0.245,-0.07
"Canario, Alexander","672744","2024","28","14",0.28,0.197,0.08300000000000002,0.44,0.38,0.06,0.35,0.295,0.05499999999999999
"McKinney, Billy","641856","2024","28","12",0.2,0.161,0.03900000000000001,0.24,0.236,0.0040000000000000036,0.246,0.232,0.013999999999999985
"Stevenson, Cal","670276","2024","27","20",0.25,0.236,0.014000000000000012,0.375,0.387,-0.01200000000000001,0.314,0.318,-0.0040000000000000036
"Hiura, Keston","669374","2024","27","17",0.148,0.192,-0.04400000000000001,0.148,0.246,-0.098,0.131,0.193,-0.062
"Miller, Owen","680911","2024","27","19",0.185,0.184,0.0010000000000000009,0.222,0.238,-0.015999999999999986,0.177,0.185,-0.008000000000000007
"Peterson, Jace","607054","2024","26","17",0.045,0.203,-0.15800000000000003,0.045,0.237,-0.192,0.113,0.251,-0.138
"Kennedy, Buddy","671083","2024","26","15",0.19,0.288,-0.09799999999999998,0.381,0.44,-0.059,0.301,0.392,-0.09100000000000003
"Walton, Donovan","622268","2024","25","15",0.136,0.183,-0.046999999999999986,0.273,0.306,-0.032999999999999974,0.236,0.274,-0.038000000000000034
"Kessinger, Grae","666197","2024","25","14",0,0.121,-0.121,0,0.233,-0.233,0.112,0.238,-0.126
"Gasper, Mickey","681508","2024","23","10",0,0.209,-0.209,0,0.263,-0.263,0.151,0.321,-0.17
"León, Pedro","694175","2024","21","10",0.1,0.129,-0.028999999999999998,0.1,0.239,-0.13899999999999998,0.117,0.185,-0.06799999999999999
"Wynns, Austin","642851","2024","20","14",0.368,0.289,0.07900000000000001,0.579,0.365,0.21399999999999997,0.419,0.306,0.11299999999999999
"Delay, Jason","641511","2024","19","16",0.2,0.194,0.006000000000000005,0.4,0.241,0.15900000000000003,0.324,0.279,0.044999999999999984
"Waters, Drew","671221","2024","19","10",0.188,0.098,0.09,0.25,0.147,0.10300000000000001,0.269,0.201,0.068
"Collins, Isaac","686555","2024","19","7",0.118,0.11,0.007999999999999993,0.118,0.17,-0.05200000000000002,0.165,0.182,-0.016999999999999987
"Thompson, Bubba","669352","2024","18","7",0.111,0.166,-0.05500000000000001,0.167,0.27,-0.10300000000000001,0.119,0.192,-0.07300000000000001
"Barrosa, Jorge","678489","2024","18","16",0.176,0.346,-0.16999999999999998,0.294,0.444,-0.15000000000000002,0.199,0.348,-0.14899999999999997
"Ortega, Rafael","542364","2024","17","11",0.071,0.209,-0.138,0.071,0.251,-0.18,0.133,0.281,-0.14800000000000002
"Sullivan, Brett","664954","2024","17","12",0.188,0.121,0.067,0.375,0.219,0.156,0.265,0.183,0.08200000000000002
"Haggerty, Sam","664059","2024","16","11",0.067,0.17,-0.10300000000000001,0.067,0.198,-0.131,0.098,0.197,-0.099
"Heineman, Tyler","623168","2024","16","6",0.083,0.08,0.0030000000000000027,0.083,0.176,-0.09299999999999999,0.229,0.254,-0.024999999999999994
"Soto, Livan","670869","2024","16","10",0.231,0.263,-0.032,0.308,0.359,-0.05099999999999999,0.318,0.349,-0.030999999999999972
"Narváez, Carlos","665966","2024","15","7",0.231,0.257,-0.025999999999999995,0.231,0.308,-0.07699999999999999,0.268,0.306,-0.03799999999999998
"Reetz, Jakson","656883","2024","15","9",0.143,0.161,-0.018000000000000016,0.429,0.406,0.022999999999999965,0.266,0.268,-0.0020000000000000018
"Misner, Kameron","670224","2024","15","5",0.067,0.095,-0.027999999999999997,0.067,0.109,-0.041999999999999996,0.059,0.09,-0.031
"McKenna, Ryan","663630","2024","15","9",0.214,0.154,0.06,0.643,0.356,0.28700000000000003,0.378,0.244,0.134
"Keirsey Jr., DaShawn","680577","2024","14","12",0.154,0.246,-0.092,0.385,0.468,-0.08300000000000002,0.261,0.335,-0.07400000000000001
"Vázquez, Luis","676679","2024","14","7",0.083,0.112,-0.028999999999999998,0.083,0.122,-0.03899999999999999,0.114,0.169,-0.05500000000000001
"Feduccia, Hunter","676439","2024","14","10",0.333,0.219,0.11400000000000002,0.333,0.258,0.07500000000000001,0.35,0.285,0.065
"Baker, Darren","671117","2024","14","11",0.5,0.22,0.28,0.643,0.267,0.376,0.494,0.219,0.275
"Lockridge, Brandon","663604","2024","12","8",0.167,0.152,0.015000000000000013,0.417,0.281,0.13599999999999995,0.244,0.186,0.057999999999999996
"Teodosio, Bryce","669326","2024","12","7",0.083,0.122,-0.03899999999999999,0.083,0.142,-0.05899999999999998,0.073,0.118,-0.045
"Jordan, Levi","682119","2024","11","8",0.1,0.123,-0.022999999999999993,0.2,0.192,0.008000000000000007,0.114,0.13,-0.016
"Peraza, Oswald","672724","2024","11","7",0.2,0.223,-0.022999999999999993,0.5,0.47,0.030000000000000027,0.329,0.333,-0.0040000000000000036
"Alvarez, Eddy","657193","2024","11","7",0,0.178,-0.178,0,0.201,-0.201,0.128,0.268,-0.14
"Duffy, Matt","622110","2024","10","6",0.286,0.413,-0.127,0.286,0.477,-0.191,0.386,0.482,-0.09599999999999997
"Martínez, J.P.","679881","2024","10","6",0.2,0.1,0.1,0.3,0.112,0.188,0.214,0.093,0.121
"Helman, Michael","680737","2024","10","7",0.3,0.12,0.18,0.5,0.155,0.345,0.339,0.116,0.22300000000000003
"Kemp, Tony","643393","2024","10","8",0,0.134,-0.134,0,0.181,-0.181,0.069,0.194,-0.125
"Alcántara, Kevin","682634","2024","10","9",0.1,0.206,-0.10599999999999998,0.1,0.259,-0.159,0.088,0.207,-0.119
"Rios, Edwin","621458","2024","10","5",0.111,0.18,-0.06899999999999999,0.111,0.225,-0.114,0.157,0.23,-0.07300000000000001
"Peguero, Liover","678894","2024","10","7",0.2,0.269,-0.069,0.3,0.347,-0.046999999999999986,0.214,0.269,-0.05500000000000002
"Marlowe, Cade","687799","2024","9","7",0.25,0.309,-0.059,0.25,0.344,-0.09399999999999997,0.273,0.33,-0.056999999999999995
"Brantly, Rob","542963","2024","9","7",0.111,0.256,-0.14500000000000002,0.111,0.509,-0.398,0.098,0.329,-0.231
"Fletcher, David","664058","2024","9","8",0.25,0.088,0.162,0.25,0.101,0.149,0.196,0.14,0.055999999999999994
"Capra, Vinny","681962","2024","9","6",0.111,0.052,0.059000000000000004,0.222,0.071,0.15100000000000002,0.139,0.057,0.08200000000000002
"Trammell, Taylor","666211","2024","8","4",0.143,0.091,0.05199999999999999,0.143,0.108,0.03499999999999999,0.196,0.161,0.035
"Alexander, CJ","680769","2024","8","5",0.125,0.189,-0.064,0.125,0.317,-0.192,0.11,0.216,-0.106
"Hummel, Cooper","669450","2024","8","6",0,0.149,-0.149,0,0.243,-0.243,0,0.182,-0.182
"Castillo, Diego","660636","2024","8","5",0.333,0.326,0.007000000000000006,0.5,0.372,0.128,0.439,0.409,0.030000000000000027
"Capel, Conner","668843","2024","8","6",0.25,0.189,0.061,0.25,0.241,0.009000000000000008,0.22,0.182,0.038000000000000006
"Koch, Grant","667428","2024","8","1",0,0.002,-0.002,0,0.002,-0.002,0.086,0.087,-0.0010000000000000009
"Garcia, Aramis","605244","2024","7","4",0,0.08,-0.08,0,0.177,-0.177,0,0.114,-0.114
"Camargo, Jair","665856","2024","7","3",0,0.096,-0.096,0,0.108,-0.108,0.098,0.174,-0.07599999999999998
"Harris, Dustin","687957","2024","7","4",0.333,0.265,0.068,1,0.493,0.507,0.57,0.368,0.20199999999999996
"Jones, Greg","675659","2024","6","1",0.2,0.195,0.0050000000000000044,0.8,0.776,0.02400000000000002,0.456,0.443,0.013000000000000012
"Knapp, Andrew","595284","2024","6","4",0.167,0.149,0.018000000000000016,0.167,0.157,0.010000000000000009,0.147,0.136,0.010999999999999982
"Garrett, Stone","656448","2024","6","5",0.6,0.551,0.04899999999999993,1.4,1.36,0.039999999999999813,0.812,0.767,0.04500000000000004
"Anderson, Brian","605119","2024","5","3",0,0.386,-0.386,0,0.747,-0.747,0,0.48,-0.48
"Maton, Nick","665155","2024","5","3",0,0.085,-0.085,0,0.16,-0.16,0,0.104,-0.104
"Gentry, Tyler","694355","2024","5","3",0,0.083,-0.083,0,0.091,-0.091,0,0.077,-0.077
"Fabian, Sandro","660758","2024","5","5",0,0.143,-0.143,0,0.339,-0.339,0,0.202,-0.202
"Taylor, Samad","669392","2024","5","4",0.4,0.168,0.232,0.4,0.182,0.21800000000000003,0.353,0.175,0.178
"Hicklen, Brewer","676551","2024","5","1",0,0.063,-0.063,0,0.076,-0.076,0,0.057,-0.057
"Ellis, Duke","668752","2024","5","3",0.2,0.282,-0.08199999999999996,0.2,0.301,-0.10099999999999998,0.176,0.261,-0.08500000000000002
"Straw, Myles","664702","2024","4","4",0.25,0.223,0.026999999999999996,0.25,0.26,-0.010000000000000009,0.22,0.212,0.008000000000000007
"Huff, Sam","669087","2024","4","1",0,0.292,-0.292,0,0.324,-0.324,0.172,0.38,-0.20800000000000002
"Devers, José","672701","2024","4","3",0.25,0.319,-0.069,0.25,0.361,-0.11099999999999999,0.22,0.34,-0.12000000000000002
"Martinez, Orelvis","682619","2024","3","2",0.333,0.308,0.025000000000000022,0.333,0.359,-0.025999999999999968,0.294,0.295,-0.0010000000000000009
"Batten, Matthew","676946","2024","3","3",0.333,0.255,0.07800000000000001,1,0.358,0.642,0.53,0.264,0.266
"Roller, Chris","676896","2024","1","0",0,,,0,,,0,0,0
"Yang, Eric","687066","2024","1","0",0,,,0,,,0,0,0
"Johnson, Daniel","669288","2024","1","1",0,0.288,-0.288,0,0.292,-0.292,0,0.261,-0.261
"Castillo, Luis","622491","2024","1","0",0,,,0,,,0,0,0
"McGough, Scott","543518","2024","1","0",0,,,0,,,0,0,0
"Bañuelos, David","675915","2024","1","1",0,0.018,-0.018,0,0.024,-0.024,0,0.019,-0.019